event_class,feature,lead_h,auc,abs_auc,cliffs_delta,robust_d,median_event,median_control,n_event,n_control
flash_flood,precip_1h,6,0.7157043572409617,0.7157043572409617,0.4314087144819234,1.0,0.20000000298023224,0.0,1472,2944
flash_flood,precip_sum_3h,6,0.7355852036935846,0.7355852036935846,0.4711704073871692,1.0,0.6000000238418579,0.0,1472,2944
flash_flood,precip_sum_6h,6,0.749552793448724,0.749552793448724,0.4991055868974481,1.0,1.4000000953674316,0.0,1472,2944
flash_flood,precip_sum_12h,6,0.7604411653399693,0.7604411653399693,0.5208823306799386,0.9714285731315613,3.4000000953674316,0.0,1472,2944
flash_flood,precip_sum_24h,6,0.7636586064877717,0.7636586064877717,0.5273172129755435,0.9000000357627869,6.5,0.20000000298023224,1472,2944
flash_flood,precip_sum_48h,6,0.7334997397064036,0.7334997397064036,0.4669994794128072,0.7366336584091187,10.699999809265137,1.399999976158142,1472,2944
flash_flood,precip_sum_72h,6,0.7097159892264295,0.7097159892264295,0.41943197845285907,0.5786516070365906,13.699999809265137,3.4000000953674316,1472,2944
flash_flood,api_96h,6,0.6756316042577386,0.6756316042577386,0.3512632085154772,0.497728168964386,25.062362670898438,12.350184440612793,1472,2944
flash_flood,wet_spell_h,6,0.7087391959696951,0.7087391959696951,0.4174783919393903,1.0,1.0,0.0,1472,2944
flash_flood,wet_frac_72h,6,0.6852840430795132,0.6852840430795132,0.37056808615902637,0.5263158082962036,0.25,0.1111111119389534,1472,2944
flash_flood,sm_0_7,6,0.6264465582788993,0.6264465582788993,0.25289311655779856,0.35891085863113403,0.3725000023841858,0.30000001192092896,1472,2942
flash_flood,sm_delta_7d,6,0.6711741699067162,0.6711741699067162,0.3423483398134324,0.44927579164505005,0.030000001192092896,-0.0010000169277191162,1472,2941
flash_flood,sm_pct,6,0.7273227830446606,0.7273227830446606,0.45464556608932116,0.6106194853782654,0.8731117844581604,0.45619335770606995,1472,2942
flash_flood,sm_sat_ratio,6,0.7021571157710321,0.7021571157710321,0.40431423154206425,0.5156553983688354,0.9291493892669678,0.8172253370285034,1444,2884
flash_flood,sm_7_28,6,0.5867377310983359,0.5867377310983359,0.17347546219667187,0.22311830520629883,0.3384999930858612,0.296999990940094,1472,2942
flash_flood,sm2_delta_7d,6,0.6379732104578448,0.6379732104578448,0.27594642091568966,0.25,0.006999999284744263,-0.00299999862909317,1472,2941
flash_flood,mslp_hpa,6,0.3275521464068407,0.6724478535931593,-0.34489570718631857,-0.4285714328289032,1012.0999755859375,1015.0999755859375,1472,2944
flash_flood,mslp_tend_3h,6,0.3933820814626654,0.6066179185373346,-0.2132358370746692,-0.2631578743457794,-0.6000000238418579,-0.10000000149011612,1472,2944
flash_flood,mslp_tend_6h,6,0.3807181518785444,0.6192818481214556,-0.23856369624291118,-0.3333333432674408,-0.800000011920929,0.20000000298023224,1472,2944
flash_flood,mslp_tend_24h,6,0.36562977666440216,0.6343702233355979,-0.2687404466711957,-0.3181818127632141,-1.5,-0.10000000149011612,1472,2944
flash_flood,gust,6,0.6345571362904655,0.6345571362904655,0.269114272580931,0.33333343267440796,8.100000381469727,6.5,1472,2944
flash_flood,gust_delta_6h,6,0.548493296978379,0.548493296978379,0.09698659395675802,0.15000005066394806,1.0,0.39999985694885254,1472,2944
flash_flood,gust_max_24h,6,0.6341737339762523,0.6341737339762523,0.26834746795250464,0.29787227511405945,11.199999809265137,9.800000190734863,1472,2944
flash_flood,wspd_10m,6,0.5790484884510869,0.5790484884510869,0.15809697690217384,0.21873386204242706,3.35335636138916,2.785677671432495,1472,2944
flash_flood,wspd_delta_6h,6,0.5235366100174268,0.5235366100174268,0.04707322003485359,0.04434579238295555,0.1388942003250122,0.06581288576126099,1472,2944
flash_flood,gust_factor,6,0.5583357639709358,0.5583357639709358,0.11667152794187152,0.1385790854692459,2.3916847705841064,2.241615056991577,1472,2944
flash_flood,dir_veer_6h,6,0.49916170404162197,0.500838295958378,-0.001676591916756065,-0.008413183502852917,19.8759822845459,20.16069793701172,1312,2569
flash_flood,dewpoint_dep,6,0.30645555809900754,0.6935444419009924,-0.3870888838019849,-0.4190143048763275,2.3249998092651367,5.30000114440918,1472,2944
flash_flood,theta_e,6,0.6150888828789579,0.6150888828789579,0.23017776575791582,0.30445340275764465,326.56402587890625,317.56451416015625,1472,2944
flash_flood,theta_e_delta_24h,6,0.589600763158672,0.589600763158672,0.1792015263173441,0.19755850732326508,1.8465375900268555,0.4442456364631653,1472,2944
flash_flood,tcwv,6,0.7262437593447914,0.7262437593447914,0.4524875186895827,0.5529661178588867,37.349998474121094,24.299999237060547,1472,2937
flash_flood,tcwv_anom_7d,6,0.7962699016298797,0.7962699016298797,0.5925398032597593,0.7713298201560974,8.67440414428711,0.17738021910190582,1472,2937
flash_flood,blh,6,0.5143757124246865,0.5143757124246865,0.028751424849372986,0.03448275849223137,560.0,535.0,1472,2937
flash_flood,blh_delta_24h,6,0.5078407194194017,0.5078407194194017,0.015681438838803352,0.0,0.0,0.0,1472,2937
flash_flood,snow_accum_14d,6,0.49487420065867205,0.505125799341328,-0.010251598682655905,,0.0,0.0,1472,2944
flash_flood,snowmelt_proxy,6,0.5125581276213965,0.5125581276213965,0.02511625524279304,,0.0,0.0,1472,2944
flash_flood,rain_on_sat_6h,6,0.7511447541970857,0.7511447541970857,0.5022895083941714,1.0682170391082764,0.9367069602012634,0.0,1472,2942
flash_flood,rain_on_sat_24h,6,0.7667053293012739,0.7667053293012739,0.5334106586025478,0.9189225435256958,5.148489475250244,0.025981873273849487,1472,2942
flash_flood,rain_on_sat_72h,6,0.7271681863860727,0.7271681863860727,0.45433637277214545,0.7047669887542725,11.342748641967773,1.1858006715774536,1472,2942
flash_flood,precip_1h,12,0.6598774958648393,0.6598774958648393,0.3197549917296787,0.0,0.0,0.0,1472,2944
flash_flood,precip_sum_3h,12,0.6840449947941281,0.6840449947941281,0.3680899895882561,0.5,0.20000000298023224,0.0,1472,2944
flash_flood,precip_sum_6h,12,0.69858613041263,0.69858613041263,0.3971722608252599,0.6000000238418579,0.6000000238418579,0.0,1472,2944
flash_flood,precip_sum_12h,12,0.7099977431991376,0.7099977431991376,0.4199954863982751,0.6538461446762085,1.7000000476837158,0.0,1472,2944
flash_flood,precip_sum_24h,12,0.7090942152055766,0.7090942152055766,0.41818843041115317,0.6724137663841248,4.099999904632568,0.20000000298023224,1472,2944
flash_flood,precip_sum_48h,12,0.6836940138010987,0.6836940138010987,0.36738802760219746,0.5426695942878723,7.5,1.3000000715255737,1472,2944
flash_flood,precip_sum_72h,12,0.6686778654448251,0.6686778654448251,0.3373557308896502,0.49685534834861755,11.199999809265137,3.3000001907348633,1472,2944
flash_flood,api_96h,12,0.6439316286256498,0.6439316286256498,0.2878632572512996,0.3908727765083313,21.567914962768555,12.286711692810059,1472,2944
flash_flood,wet_spell_h,12,0.6558257537437973,0.6558257537437973,0.3116515074875945,0.0,0.0,0.0,1472,2944
flash_flood,wet_frac_72h,12,0.6488656691206877,0.6488656691206877,0.2977313382413753,0.3888888955116272,0.2083333283662796,0.1111111119389534,1472,2944
flash_flood,sm_0_7,12,0.6040818828880088,0.6040818828880088,0.20816376577601758,0.2929292917251587,0.35899999737739563,0.3009999990463257,1472,2942
flash_flood,sm_delta_7d,12,0.6335612609582661,0.6335612609582661,0.2671225219165323,0.35820889472961426,0.021999984979629517,-0.0020000003278255463,1472,2941
flash_flood,sm_pct,12,0.6779867058419294,0.6779867058419294,0.3559734116838589,0.49090903997421265,0.7938461303710938,0.4615384638309479,1472,2942
flash_flood,sm_sat_ratio,12,0.6582247887859659,0.6582247887859659,0.3164495775719318,0.3996220529079437,0.906574010848999,0.8210155963897705,1444,2884
flash_flood,sm_7_28,12,0.5726029320485916,0.5726029320485916,0.14520586409718317,0.19293472170829773,0.33249998092651367,0.296999990940094,1472,2942
flash_flood,sm2_delta_7d,12,0.6009924114468608,0.6009924114468608,0.20198482289372155,0.16216155886650085,0.0029999911785125732,-0.0029999911785125732,1472,2941
flash_flood,mslp_hpa,12,0.3782355555514532,0.6217644444485468,-0.24352888889709357,-0.3088204860687256,1013.0,1015.0999755859375,1472,2944
flash_flood,mslp_tend_3h,12,0.4149188382413752,0.5850811617586248,-0.17016232351724958,-0.2777777910232544,-0.30000001192092896,0.20000000298023224,1472,2944
flash_flood,mslp_tend_6h,12,0.4002162882871574,0.5997837117128426,-0.19956742342568523,-0.2857142984867096,-0.6000000238418579,0.20000000298023224,1472,2944
flash_flood,mslp_tend_24h,12,0.38742278879666825,0.6125772112033318,-0.2251544224066635,-0.2790697515010834,-1.2000000476837158,0.0,1472,2944
flash_flood,gust,12,0.6103154490710657,0.6103154490710657,0.22063089814213144,0.3191489279270172,7.5,6.0,1472,2944
flash_flood,gust_delta_6h,12,0.5508699759643786,0.5508699759643786,0.10173995192875718,0.17142854630947113,0.5,-0.09999990463256836,1472,2944
flash_flood,gust_max_24h,12,0.6023984162703805,0.6023984162703805,0.20479683254076098,0.24444453418254852,10.800000190734863,9.699999809265137,1472,2944
flash_flood,wspd_10m,12,0.5732331879873582,0.5732331879873582,0.14646637597471646,0.23470309376716614,3.224903106689453,2.668332815170288,1472,2944
flash_flood,wspd_delta_6h,12,0.5355307681799386,0.5355307681799386,0.07106153635987722,0.105633445084095,0.11157572269439697,-0.05081963539123535,1472,2944
flash_flood,gust_factor,12,0.5407770225366257,0.5407770225366257,0.08155404507325148,0.08636614680290222,2.237308979034424,2.152022123336792,1472,2944
flash_flood,dir_veer_6h,12,0.5016779978980029,0.5016779978980029,0.003355995796005873,0.008455845527350903,19.84402084350586,19.57335662841797,1327,2554
flash_flood,dewpoint_dep,12,0.31996324968247875,0.6800367503175213,-0.3600735006350425,-0.3938054144382477,2.1499996185302734,4.375,1472,2944
flash_flood,theta_e,12,0.6032719458884688,0.6032719458884688,0.20654389177693755,0.26619961857795715,324.7616271972656,316.53887939453125,1472,2944
flash_flood,theta_e_delta_24h,12,0.5908549260101607,0.5908549260101607,0.1817098520203213,0.20112690329551697,1.7228081226348877,0.31309986114501953,1472,2944
flash_flood,tcwv,12,0.6974454948853459,0.6974454948853459,0.3948909897706918,0.4844444990158081,35.20000076293945,24.299999237060547,1472,2937
flash_flood,tcwv_anom_7d,12,0.760093415530488,0.760093415530488,0.5201868310609761,0.6460071206092834,6.857440948486328,0.22202464938163757,1472,2937
flash_flood,blh,12,0.5188730089117851,0.5188730089117851,0.03774601782357023,0.06611569970846176,440.0,400.0,1472,2937
flash_flood,blh_delta_24h,12,0.5011977061775548,0.5011977061775548,0.0023954123551095385,-0.015625,0.0,5.0,1472,2937
flash_flood,snow_accum_14d,12,0.49523083519169425,0.5047691648083057,-0.009538329616611496,,0.0,0.0,1472,2944
flash_flood,snowmelt_proxy,12,0.5099519610630316,0.5099519610630316,0.01990392212606329,,0.0,0.0,1472,2944
flash_flood,rain_on_sat_6h,12,0.7006931333683091,0.7006931333683091,0.40138626673661815,0.5046923756599426,0.2978461682796478,0.0,1472,2942
flash_flood,rain_on_sat_24h,12,0.7115579648567966,0.7115579648567966,0.42311592971359313,0.6704463362693787,2.973076820373535,0.025846153497695923,1472,2942
flash_flood,rain_on_sat_72h,12,0.6813949906526172,0.6813949906526172,0.36278998130523443,0.546515703201294,7.995077133178711,1.1449230909347534,1472,2942
flash_flood,precip_1h,24,0.5970777428668478,0.5970777428668478,0.19415548573369557,,0.0,0.0,1472,2944
flash_flood,precip_sum_3h,24,0.6176677047642959,0.6176677047642959,0.23533540952859178,0.0,0.0,0.0,1472,2944
flash_flood,precip_sum_6h,24,0.631600334874173,0.631600334874173,0.263200669748346,0.3333333134651184,0.20000000298023224,0.0,1472,2944
flash_flood,precip_sum_12h,24,0.6340396643135633,0.6340396643135633,0.2680793286271266,0.375,0.6000000238418579,0.0,1472,2944
flash_flood,precip_sum_24h,24,0.6294673349997046,0.6294673349997046,0.2589346699994093,0.3333333432674408,1.7000000476837158,0.20000000298023224,1472,2944
flash_flood,precip_sum_48h,24,0.6177965824004608,0.6177965824004608,0.23559316480092152,0.35789474844932556,4.800000190734863,1.399999976158142,1472,2944
flash_flood,precip_sum_72h,24,0.6095767967642368,0.6095767967642368,0.21915359352847363,0.3125,7.800000190734863,3.299999952316284,1472,2944
flash_flood,api_96h,24,0.6045906052472235,0.6045906052472235,0.20918121049444705,0.26602283120155334,18.15804100036621,12.08138656616211,1472,2944
flash_flood,wet_spell_h,24,0.5953482211424859,0.5953482211424859,0.19069644228497173,,0.0,0.0,1472,2944
flash_flood,wet_frac_72h,24,0.5964148941472708,0.5964148941472708,0.19282978829454156,0.222222238779068,0.1666666716337204,0.1111111119389534,1472,2944
flash_flood,sm_0_7,24,0.5769524207135046,0.5769524207135046,0.15390484142700922,0.23316071927547455,0.3440000116825104,0.29899999499320984,1472,2942
flash_flood,sm_delta_7d,24,0.581738409739367,0.581738409739367,0.16347681947873394,0.1854836493730545,0.00849999487400055,-0.0029999911785125732,1472,2941
flash_flood,sm_pct,24,0.6104836162178938,0.6104836162178938,0.22096723243578764,0.3086124062538147,0.6469648480415344,0.44089457392692566,1472,2942
flash_flood,sm_sat_ratio,24,0.5976102510363799,0.5976102510363799,0.19522050207275976,0.264072448015213,0.8719244003295898,0.8172672390937805,1444,2884
flash_flood,sm_7_28,24,0.5553454883176189,0.5553454883176189,0.11069097663523775,0.1422709822654724,0.3230000138282776,0.296999990940094,1472,2942
flash_flood,sm2_delta_7d,24,0.5608521022130893,0.5608521022130893,0.12170420442617869,0.0833333358168602,0.0,-0.00299999862909317,1472,2941
flash_flood,mslp_hpa,24,0.4392910183940808,0.5607089816059192,-0.1214179632118384,-0.16418427228927612,1013.5999755859375,1014.7000122070312,1472,2944
flash_flood,mslp_tend_3h,24,0.46179868413279773,0.5382013158672023,-0.07640263173440454,-0.111111119389534,-0.20000000298023224,0.0,1472,2944
flash_flood,mslp_tend_6h,24,0.45822264701973064,0.5417773529802694,-0.08355470596053871,-0.1034482792019844,-0.5,-0.20000000298023224,1472,2944
flash_flood,mslp_tend_24h,24,0.4354503033066517,0.5645496966933483,-0.12909939338669663,-0.1627906858921051,-0.800000011920929,-0.10000000149011612,1472,2944
flash_flood,gust,24,0.567417656766895,0.567417656766895,0.13483531353379008,0.17391297221183777,7.199999809265137,6.400000095367432,1472,2944
flash_flood,gust_delta_6h,24,0.5199182290435964,0.5199182290435964,0.03983645808719283,0.029411867260932922,0.10000038146972656,0.0,1472,2944
flash_flood,gust_max_24h,24,0.5536706704498464,0.5536706704498464,0.10734134089969283,0.1190476268529892,10.199999809265137,9.699999809265137,1472,2944
flash_flood,wspd_10m,24,0.5433898810402883,0.5433898810402883,0.08677976208057658,0.10699255764484406,3.00832200050354,2.758622884750366,1472,2944
flash_flood,wspd_delta_6h,24,0.5181639009702859,0.5181639009702859,0.036327801940571725,0.0418713316321373,0.04644298553466797,-0.021256685256958008,1472,2944
flash_flood,gust_factor,24,0.5196838955798087,0.5196838955798087,0.039367791159617305,0.0509185791015625,2.259096622467041,2.2063984870910645,1472,2944
flash_flood,dir_veer_6h,24,0.5000160010240655,0.5000160010240655,3.2002048131030136e-05,-0.016392655670642853,19.460941314697266,20.000932693481445,1302,2544
flash_flood,dewpoint_dep,24,0.37579345703125,0.62420654296875,-0.2484130859375,-0.3161764144897461,3.1499996185302734,5.299999237060547,1472,2944
flash_flood,theta_e,24,0.5852545754445297,0.5852545754445297,0.1705091508890595,0.23692792654037476,324.4713134765625,317.47222900390625,1472,2944
flash_flood,theta_e_delta_24h,24,0.5979783864012287,0.5979783864012287,0.19595677280245738,0.2336546927690506,2.014220714569092,0.41345155239105225,1472,2944
flash_flood,tcwv,24,0.644266924249826,0.644266924249826,0.288533848499652,0.37276792526245117,32.150001525878906,23.799999237060547,1472,2937
flash_flood,tcwv_anom_7d,24,0.6836849426729434,0.6836849426729434,0.3673698853458869,0.4546562135219574,4.534523010253906,0.09702381491661072,1472,2937
flash_flood,blh,24,0.5074399805332267,0.5074399805332267,0.014879961066453395,0.040441177785396576,482.5,455.0,1472,2937
flash_flood,blh_delta_24h,24,0.5037591967550443,0.5037591967550443,0.00751839351008865,0.014084506779909134,5.0,0.0,1472,2937
flash_flood,snow_accum_14d,24,0.4955663554835184,0.5044336445164816,-0.008867289032963188,,0.0,0.0,1472,2944
flash_flood,snowmelt_proxy,24,0.5104767018770676,0.5104767018770676,0.020953403754135236,,0.0,0.0,1472,2944
flash_flood,rain_on_sat_6h,24,0.6315983562645937,0.6315983562645937,0.2631967125291874,0.15601703524589539,0.046805113554000854,0.0,1472,2942
flash_flood,rain_on_sat_24h,24,0.6303709349968966,0.6303709349968966,0.2607418699937931,0.23979024589061737,0.7929712533950806,0.03322683647274971,1472,2942
flash_flood,rain_on_sat_72h,24,0.6167742801037449,0.6167742801037449,0.23354856020748982,0.3230566084384918,4.505910396575928,1.1204473972320557,1472,2942
flash_flood,precip_1h,48,0.5246573954764295,0.5246573954764295,0.04931479095285907,,0.0,0.0,1472,2944
flash_flood,precip_sum_3h,48,0.5396719285355623,0.5396719285355623,0.07934385707112468,0.0,0.0,0.0,1472,2944
flash_flood,precip_sum_6h,48,0.5398809941369329,0.5398809941369329,0.07976198827386582,0.0,0.0,0.0,1472,2944
flash_flood,precip_sum_12h,48,0.5469724947202859,0.5469724947202859,0.09394498944057172,0.0,0.0,0.0,1472,2944
flash_flood,precip_sum_24h,48,0.5546490790037216,0.5546490790037216,0.10929815800744325,0.11764706671237946,0.6000000238418579,0.20000000298023224,1472,2944
flash_flood,precip_sum_48h,48,0.5594570109434074,0.5594570109434074,0.11891402188681477,0.16470587253570557,2.799999952316284,1.399999976158142,1472,2944
flash_flood,precip_sum_72h,48,0.5568936497592746,0.5568936497592746,0.11378729951854916,0.1256931573152542,5.099999904632568,3.4000000953674316,1472,2944
flash_flood,api_96h,48,0.5722938926999646,0.5722938926999646,0.14458778539992911,0.1974298506975174,16.068553924560547,11.794004440307617,1472,2944
flash_flood,wet_spell_h,48,0.5230874420339083,0.5230874420339083,0.04617488406781667,,0.0,0.0,1472,2944
flash_flood,wet_frac_72h,48,0.548507027004076,0.548507027004076,0.0970140540081521,0.17647060751914978,0.1388888955116272,0.0972222238779068,1472,2944
flash_flood,sm_0_7,48,0.550362834547631,0.550362834547631,0.10072566909526204,0.15445029735565186,0.32850000262260437,0.29899999499320984,1472,2942
flash_flood,sm_delta_7d,48,0.5368478630456958,0.5368478630456958,0.07369572609139152,0.06896546483039856,0.0019999947398900986,-0.0020000040531158447,1472,2941
flash_flood,sm_pct,48,0.5482922521546945,0.5482922521546945,0.09658450430938892,0.10962558537721634,0.5138407945632935,0.44290658831596375,1472,2941
flash_flood,sm_sat_ratio,48,0.54266650754377,0.54266650754377,0.08533301508753999,0.12467950582504272,0.847399115562439,0.8227709531784058,1444,2884
flash_flood,sm_7_28,48,0.5419813634247628,0.5419813634247628,0.08396272684952555,0.12154704332351685,0.3190000057220459,0.296999990940094,1472,2942
flash_flood,sm2_delta_7d,48,0.5253580839850391,0.5253580839850391,0.050716167970078274,0.05882231891155243,-0.001000046730041504,-0.003000006079673767,1472,2941
flash_flood,mslp_hpa,48,0.4808250383979206,0.5191749616020793,-0.03834992320415875,-0.08696229010820389,1014.0999755859375,1014.7000122070312,1472,2944
flash_flood,mslp_tend_3h,48,0.49318010009304114,0.5068198999069589,-0.013639799813917719,-0.05263157933950424,-0.10000000149011612,0.0,1472,2944
flash_flood,mslp_tend_6h,48,0.4962619716593809,0.5037380283406191,-0.007476056681238186,-0.06666667014360428,-0.30000001192092896,-0.10000000149011612,1472,2944
flash_flood,mslp_tend_24h,48,0.4969571263217746,0.5030428736782254,-0.0060857473564508435,0.0,-0.20000000298023224,-0.20000000298023224,1472,2944
flash_flood,gust,48,0.5178994537526583,0.5178994537526583,0.03579890750531667,0.021739112213253975,6.599999904632568,6.5,1472,2944
flash_flood,gust_delta_6h,48,0.5064937252628781,0.5064937252628781,0.012987450525756117,0.02857140079140663,0.09999990463256836,0.0,1472,2944
flash_flood,gust_max_24h,48,0.5103980138306357,0.5103980138306357,0.02079602766127131,0.024390339851379395,9.800000190734863,9.699999809265137,1472,2944
flash_flood,wspd_10m,48,0.5047944326707231,0.5047944326707231,0.009588865341446207,0.004334370605647564,2.795525074005127,2.785677671432495,1472,2944
flash_flood,wspd_delta_6h,48,0.5122497212458649,0.5122497212458649,0.02449944249172975,0.045785993337631226,0.05346477031707764,-0.01462852954864502,1472,2944
flash_flood,gust_factor,48,0.5165226436968336,0.5165226436968336,0.0330452873936673,0.014550341293215752,2.2188267707824707,2.2044103145599365,1472,2944
flash_flood,dir_veer_6h,48,0.5133313224560749,0.5133313224560749,0.02666264491214987,0.03912493586540222,20.732711791992188,19.453432083129883,1279,2561
flash_flood,dewpoint_dep,48,0.43385035148865786,0.5661496485113422,-0.13229929702268428,-0.176056370139122,4.100000381469727,5.350000381469727,1472,2944
flash_flood,theta_e,48,0.5492261803668478,0.5492261803668478,0.09845236073369557,0.1354418694972992,321.3111572265625,317.2631530761719,1472,2944
flash_flood,theta_e_delta_24h,48,0.5453889266304348,0.5453889266304348,0.09077785326086962,0.09145975857973099,1.0974243879318237,0.48586881160736084,1472,2944
flash_flood,tcwv,48,0.5772145767642226,0.5772145767642226,0.15442915352844522,0.23181819915771484,28.5,23.399999618530273,1472,2937
flash_flood,tcwv_anom_7d,48,0.5843895954538053,0.5843895954538053,0.16877919090761062,0.21844631433486938,1.826190710067749,-0.1672620326280594,1472,2937
flash_flood,blh,48,0.49262143139997927,0.5073785686000207,-0.014757137200041459,-0.017241379246115685,462.5,475.0,1472,2937
flash_flood,blh_delta_24h,48,0.5052822358292254,0.5052822358292254,0.010564471658450758,0.0,0.0,0.0,1472,2937
flash_flood,snow_accum_14d,48,0.4974109094399811,0.5025890905600189,-0.005178181120037761,,0.0,0.0,1472,2944
flash_flood,snowmelt_proxy,48,0.5074219442270204,0.5074219442270204,0.014843888454040721,,0.0,0.0,1472,2944
flash_flood,rain_on_sat_6h,48,0.5407853547299795,0.5407853547299795,0.08157070945995892,0.0,0.0,0.0,1472,2941
flash_flood,rain_on_sat_24h,48,0.5553539122673448,0.5553539122673448,0.11070782453468953,0.08522727340459824,0.22525951266288757,0.043598614633083344,1472,2941
flash_flood,rain_on_sat_72h,48,0.5570756120367222,0.5570756120367222,0.11415122407344436,0.1403491497039795,2.2842559814453125,1.038062334060669,1472,2941
flash_flood,precip_1h,72,0.5180301774426985,0.5180301774426985,0.03606035488539705,,0.0,0.0,1472,2944
flash_flood,precip_sum_3h,72,0.5199546886076323,0.5199546886076323,0.03990937721526455,0.0,0.0,0.0,1472,2944
flash_flood,precip_sum_6h,72,0.5288915507960185,0.5288915507960185,0.05778310159203692,0.0,0.0,0.0,1472,2944
flash_flood,precip_sum_12h,72,0.5335070316192108,0.5335070316192108,0.06701406323842152,0.0,0.0,0.0,1472,2944
flash_flood,precip_sum_24h,72,0.5342386458456404,0.5342386458456404,0.0684772916912808,0.06060606241226196,0.4000000059604645,0.20000000298023224,1472,2944
flash_flood,precip_sum_48h,72,0.5398152284676276,0.5398152284676276,0.07963045693525528,0.095238097012043,2.200000047683716,1.399999976158142,1472,2944
flash_flood,precip_sum_72h,72,0.5475585014473062,0.5475585014473062,0.09511700289461245,0.11654136329889297,4.850000381469727,3.3000001907348633,1472,2944
flash_flood,api_96h,72,0.5615152456359286,0.5615152456359286,0.12303049127185717,0.1819625198841095,15.380589485168457,11.568023681640625,1472,2944
flash_flood,wet_spell_h,72,0.5171789158494802,0.5171789158494802,0.03435783169896034,,0.0,0.0,1472,2944
flash_flood,wet_frac_72h,72,0.5385157219178285,0.5385157219178285,0.07703144383565697,0.17647060751914978,0.1388888955116272,0.0972222238779068,1472,2944
flash_flood,sm_0_7,72,0.5432752878107173,0.5432752878107173,0.08655057562143464,0.11340213567018509,0.3240000009536743,0.3019999861717224,1472,2942
flash_flood,sm_delta_7d,72,0.5194787570406398,0.5194787570406398,0.038957514081279676,0.03448282182216644,0.0,-0.0020000040531158447,1472,2941
flash_flood,sm_pct,72,0.5273107758748133,0.5273107758748133,0.054621551749626684,0.06896551698446274,0.47547170519828796,0.43018868565559387,1472,2941
flash_flood,sm_sat_ratio,72,0.5318344570281611,0.5318344570281611,0.06366891405632225,0.10644208639860153,0.8506594896316528,0.8301158547401428,1444,2883
flash_flood,sm_7_28,72,0.5385356706100553,0.5385356706100553,0.0770713412201105,0.11731842160224915,0.3179999887943268,0.296999990940094,1472,2942
flash_flood,sm2_delta_7d,72,0.5163135875109028,0.5163135875109028,0.03262717502180568,0.028571275994181633,-0.0020000040531158447,-0.00299999862909317,1472,2941
flash_flood,mslp_hpa,72,0.4756941624084357,0.5243058375915643,-0.04861167518312859,-0.0785696879029274,1014.2000122070312,1014.75,1472,2944
flash_flood,mslp_tend_3h,72,0.5038770592730978,0.5038770592730978,0.007754118546195565,0.055555559694767,0.0,-0.10000000149011612,1472,2944
flash_flood,mslp_tend_6h,72,0.49887217646059784,0.5011278235394021,-0.0022556470788043237,0.0,-0.20000000298023224,-0.20000000298023224,1472,2944
flash_flood,mslp_tend_24h,72,0.48549740075614367,0.5145025992438563,-0.029005198487712658,-0.024390246719121933,-0.30000001192092896,-0.20000000298023224,1472,2944
flash_flood,gust,72,0.5073494866124173,0.5073494866124173,0.0146989732248346,0.011111048981547356,6.449999809265137,6.400000095367432,1472,2944
flash_flood,gust_delta_6h,72,0.4989934391245274,0.5010065608754726,-0.002013121750945146,-0.02777775563299656,-0.09999990463256836,0.0,1472,2944
flash_flood,gust_max_24h,72,0.506177127023275,0.506177127023275,0.012354254046549995,0.0,9.800000190734863,9.800000190734863,1472,2944
flash_flood,wspd_10m,72,0.49589206861413043,0.5041079313858696,-0.008215862771739135,0.005243521649390459,2.787471294403076,2.775786876678467,1472,2944
flash_flood,wspd_delta_6h,72,0.5029534554436437,0.5029534554436437,0.005906910887287342,0.017942246049642563,0.01526343822479248,-0.012494087219238281,1472,2944
flash_flood,gust_factor,72,0.5182976244978733,0.5182976244978733,0.03659524899574662,0.03580129146575928,2.262779712677002,2.225553035736084,1472,2944
flash_flood,dir_veer_6h,72,0.5025760135006913,0.5025760135006913,0.005152027001382509,0.007084480486810207,20.224857330322266,19.988100051879883,1283,2567
flash_flood,dewpoint_dep,72,0.447356889288457,0.552643110711543,-0.10528622142308597,-0.1394558548927307,4.324999809265137,5.350000381469727,1472,2944
flash_flood,theta_e,72,0.5336100645011224,0.5336100645011224,0.06722012900224472,0.09033731371164322,320.09173583984375,317.3263244628906,1472,2944
flash_flood,theta_e_delta_24h,72,0.5238348630966446,0.5238348630966446,0.04766972619328924,0.07110347598791122,0.8589242696762085,0.37313610315322876,1472,2944
flash_flood,tcwv,72,0.550122314991636,0.550122314991636,0.100244629983272,0.12669679522514343,26.5,23.700000762939453,1472,2937
flash_flood,tcwv_anom_7d,72,0.5486697088126008,0.5486697088126008,0.0973394176252016,0.11598043143749237,1.1711310148239136,0.11488059908151627,1472,2937
flash_flood,blh,72,0.48784390682595374,0.5121560931740463,-0.024312186348092513,-0.03767123445868492,447.5,475.0,1472,2937
flash_flood,blh_delta_24h,72,0.494222767797664,0.505777232202336,-0.011554464404672005,0.0,0.0,0.0,1472,2937
flash_flood,snow_accum_14d,72,0.4985298488451087,0.5014701511548914,-0.002940302309782594,,0.0,0.0,1472,2944
flash_flood,snowmelt_proxy,72,0.503675839400697,0.503675839400697,0.00735167880139409,,0.0,0.0,1472,2944
flash_flood,rain_on_sat_6h,72,0.5299490523779253,0.5299490523779253,0.05989810475585067,0.0,0.0,0.0,1472,2941
flash_flood,rain_on_sat_24h,72,0.5334705272533743,0.5334705272533743,0.06694105450674859,0.04454165697097778,0.11283019185066223,0.028301887214183807,1472,2941
flash_flood,rain_on_sat_72h,72,0.5426023387490206,0.5426023387490206,0.08520467749804128,0.07515247166156769,1.6575472354888916,0.9879245162010193,1472,2941
flood,precip_1h,6,0.6287964354823975,0.6287964354823975,0.257592870964795,0.0,0.0,0.0,2429,4858
flood,precip_sum_3h,6,0.6413005435046977,0.6413005435046977,0.28260108700939535,0.3333333432674408,0.30000001192092896,0.0,2429,4858
flood,precip_sum_6h,6,0.6553940896342924,0.6553940896342924,0.3107881792685847,0.45000001788139343,0.9000000357627869,0.0,2429,4858
flood,precip_sum_12h,6,0.659125546754675,0.659125546754675,0.3182510935093501,0.5,3.5,0.6000000238418579,2429,4858
flood,precip_sum_24h,6,0.6577222514216426,0.6577222514216426,0.3154445028432853,0.4862385094165802,7.099999904632568,1.8000000715255737,2429,4858
flood,precip_sum_48h,6,0.6525597449238064,0.6525597449238064,0.30511948984761283,0.4632352888584137,14.300000190734863,4.850000381469727,2429,4858
flood,precip_sum_72h,6,0.6436187477341259,0.6436187477341259,0.2872374954682517,0.4265734851360321,21.100000381469727,8.899999618530273,2429,4858
flood,api_96h,6,0.6235159213300382,0.6235159213300382,0.24703184266007638,0.3279900848865509,37.99556350708008,23.477642059326172,2429,4858
flood,wet_spell_h,6,0.6264272570309257,0.6264272570309257,0.25285451406185144,0.0,0.0,0.0,2429,4858
flood,wet_frac_72h,6,0.6197893370571492,0.6197893370571492,0.23957867411429845,0.3548387289047241,0.3888888955116272,0.2361111044883728,2429,4858
flood,sm_0_7,6,0.5868738325142758,0.5868738325142758,0.17374766502855166,0.24848490953445435,0.4020000100135803,0.3610000014305115,2429,4837
flood,sm_delta_7d,6,0.6188988271670455,0.6188988271670455,0.23779765433409095,0.2549024820327759,0.012000024318695068,-0.0010000020265579224,2429,4837
flood,sm_pct,6,0.6393558453505226,0.6393558453505226,0.2787116907010452,0.4027777910232544,0.7401812672615051,0.4773413836956024,2429,4837
flood,sm_sat_ratio,6,0.6338977230445572,0.6338977230445572,0.2677954460891143,0.3253973126411438,0.9379845261573792,0.883912205696106,2399,4768
flood,sm_7_28,6,0.5707893295071024,0.5707893295071024,0.14157865901420474,0.2202381193637848,0.39100000262260437,0.3540000021457672,2429,4837
flood,sm2_delta_7d,6,0.6024810212686567,0.6024810212686567,0.20496204253731332,0.18918956816196442,0.006000012159347534,-0.0010000020265579224,2429,4837
flood,mslp_hpa,6,0.424494889103313,0.575505110896687,-0.15101022179337398,-0.16438551247119904,1009.7999877929688,1011.0,2429,4858
flood,mslp_tend_3h,6,0.4702632998652043,0.5297367001347957,-0.05947340026959136,-0.10526315122842789,-0.4000000059604645,-0.20000000298023224,2429,4858
flood,mslp_tend_6h,6,0.47413454414977796,0.525865455850222,-0.05173091170044408,-0.03333333134651184,0.4000000059604645,0.5,2429,4858
flood,mslp_tend_24h,6,0.45227249268267794,0.547727507317322,-0.09545501463464412,-0.08000000566244125,-0.30000001192092896,-0.10000000149011612,2429,4858
flood,gust,6,0.5986937633145262,0.5986937633145262,0.19738752662905235,0.23255813121795654,6.099999904632568,5.099999904632568,2429,4858
flood,gust_delta_6h,6,0.530723006840122,0.530723006840122,0.06144601368024394,0.08823532611131668,-0.19999980926513672,-0.5,2429,4858
flood,gust_max_24h,6,0.5828867545157737,0.5828867545157737,0.1657735090315473,0.20000004768371582,9.5,8.699999809265137,2429,4858
flood,wspd_10m,6,0.5600233117024102,0.5600233117024102,0.12004662340482031,0.15134567022323608,2.184032917022705,1.8788294792175293,2429,4858
flood,wspd_delta_6h,6,0.5307517778266286,0.5307517778266286,0.06150355565325727,0.08486872166395187,0.0,-0.11254304647445679,2429,4858
flood,gust_factor,6,0.5272308277179769,0.5272308277179769,0.054461655435953826,0.06660547107458115,2.519303321838379,2.4112181663513184,2429,4858
flood,dir_veer_6h,6,0.4765853389991206,0.5234146610008794,-0.04682932200175882,-0.03611837327480316,20.224857330322266,21.59531021118164,1839,3467
flood,dewpoint_dep,6,0.4117192575441425,0.5882807424558575,-0.17656148491171497,-0.1861991435289383,1.9000005722045898,2.75,2429,4858
flood,theta_e,6,0.526148886084012,0.526148886084012,0.052297772168024004,0.08443845063447952,334.3283996582031,331.83770751953125,2429,4858
flood,theta_e_delta_24h,6,0.5077256242795601,0.5077256242795601,0.015451248559120279,0.024019457399845123,0.31727898120880127,0.20734912157058716,2429,4858
flood,tcwv,6,0.5865192748903291,0.5865192748903291,0.17303854978065814,0.22711865603923798,44.29999923706055,37.599998474121094,2429,4832
flood,tcwv_anom_7d,6,0.6268979613019695,0.6268979613019695,0.253795922603939,0.3227301239967346,2.510713577270508,0.2113095074892044,2429,4831
flood,blh,6,0.5459796209025053,0.5459796209025053,0.09195924180501058,0.1517857164144516,335.0,250.0,2429,4832
flood,blh_delta_24h,6,0.5278118345788608,0.5278118345788608,0.055623669157721656,0.025641025975346565,5.0,0.0,2429,4832
flood,snow_accum_14d,6,0.5004792339578658,0.5004792339578658,0.000958467915731509,,0.0,0.0,2429,4858
flood,snowmelt_proxy,6,0.5041878946264949,0.5041878946264949,0.008375789252989874,,0.0,0.0,2429,4858
flood,rain_on_sat_6h,6,0.6577741495009861,0.6577741495009861,0.31554829900197223,0.35597294569015503,0.5039275288581848,0.0,2429,4837
flood,rain_on_sat_24h,6,0.6635567333695177,0.6635567333695177,0.3271134667390354,0.5014340877532959,4.6586103439331055,0.49939578771591187,2429,4837
flood,rain_on_sat_72h,6,0.6571676761221927,0.6571676761221927,0.31433535224438547,0.487976610660553,14.02175235748291,3.4277946949005127,2429,4837
flood,precip_1h,12,0.6131624763285544,0.6131624763285544,0.22632495265710872,0.0,0.0,0.0,2429,4858
flood,precip_sum_3h,12,0.629127323013518,0.629127323013518,0.25825464602703607,0.3636363744735718,0.4000000059604645,0.0,2429,4858
flood,precip_sum_6h,12,0.6306414226613002,0.6306414226613002,0.2612828453226004,0.3999999761581421,1.399999976158142,0.20000000298023224,2429,4858
flood,precip_sum_12h,12,0.6393821670052802,0.6393821670052802,0.27876433401056033,0.42105263471603394,2.9000000953674316,0.5,2429,4858
flood,precip_sum_24h,12,0.6414671525163977,0.6414671525163977,0.2829343050327955,0.4368932247161865,6.099999904632568,1.600000023841858,2429,4858
flood,precip_sum_48h,12,0.6340830089146838,0.6340830089146838,0.26816601782936766,0.4060913324356079,12.899999618530273,4.900000095367432,2429,4858
flood,precip_sum_72h,12,0.6256023475091105,0.6256023475091105,0.25120469501822096,0.3567567467689514,18.899999618530273,9.0,2429,4858
flood,api_96h,12,0.6103069876972042,0.6103069876972042,0.2206139753944083,0.28725460171699524,36.14010238647461,23.56806182861328,2429,4858
flood,wet_spell_h,12,0.610737535552719,0.610737535552719,0.22147507110543807,0.0,0.0,0.0,2429,4858
flood,wet_frac_72h,12,0.6060954491672177,0.6060954491672177,0.21219089833443538,0.29999998211860657,0.3611111044883728,0.2361111044883728,2429,4858
flood,sm_0_7,12,0.578241194007391,0.578241194007391,0.1564823880147821,0.2363634556531906,0.39899998903274536,0.36000001430511475,2429,4837
flood,sm_delta_7d,12,0.6058877581235558,0.6058877581235558,0.21177551624711155,0.21568675339221954,0.010000020265579224,-0.0010000020265579224,2429,4837
flood,sm_pct,12,0.6199592512532691,0.6199592512532691,0.23991850250653823,0.35406699776649475,0.7138461470603943,0.48615384101867676,2429,4837
flood,sm_sat_ratio,12,0.6148206764703414,0.6148206764703414,0.22964135294068289,0.305576890707016,0.9343628883361816,0.8826923370361328,2399,4768
flood,sm_7_28,12,0.5642047249174467,0.5642047249174467,0.12840944983489333,0.18934914469718933,0.3869999945163727,0.35499998927116394,2429,4837
flood,sm2_delta_7d,12,0.5873621689132411,0.5873621689132411,0.17472433782648222,0.16216248273849487,0.004999995231628418,-0.0010000169277191162,2429,4837
flood,mslp_hpa,12,0.43738420631314257,0.5626157936868574,-0.12523158737371487,-0.14634382724761963,1009.5999755859375,1010.7999877929688,2429,4858
flood,mslp_tend_3h,12,0.48740309601238363,0.5125969039876164,-0.02519380797523274,-0.04545454680919647,0.30000001192092896,0.4000000059604645,2429,4858
flood,mslp_tend_6h,12,0.48407400897722574,0.5159259910227743,-0.03185198204554851,-0.06451613456010818,-0.6000000238418579,-0.4000000059604645,2429,4858
flood,mslp_tend_24h,12,0.45064199553867507,0.5493580044613249,-0.09871600892264987,-0.125,-0.30000001192092896,0.0,2429,4858
flood,gust,12,0.5792616525885159,0.5792616525885159,0.15852330517703184,0.20454546809196472,6.599999904632568,5.699999809265137,2429,4858
flood,gust_delta_6h,12,0.5239679690361474,0.5239679690361474,0.04793593807229479,0.09756098687648773,-0.19999980926513672,-0.5999999046325684,2429,4858
flood,gust_max_24h,12,0.5653897574610075,0.5653897574610075,0.130779514922015,0.14999985694885254,9.399999618530273,8.800000190734863,2429,4858
flood,wspd_10m,12,0.5458755286615805,0.5458755286615805,0.09175105732316102,0.12007637321949005,2.284731864929199,2.0223748683929443,2429,4858
flood,wspd_delta_6h,12,0.5036589152516059,0.5036589152516059,0.007317830503211775,0.013336590491235256,-0.17558002471923828,-0.19558340311050415,2429,4858
flood,gust_factor,12,0.5221373037916177,0.5221373037916177,0.044274607583235426,0.03530355915427208,2.639899969100952,2.5839805603027344,2429,4858
flood,dir_veer_6h,12,0.48254892865518406,0.5174510713448159,-0.034902142689631876,-0.05614771321415901,19.23067283630371,21.201982498168945,1873,3613
flood,dewpoint_dep,12,0.39980760303191115,0.6001923969680889,-0.2003847939361777,-0.24248303472995758,2.5,3.75,2429,4858
flood,theta_e,12,0.5194463479152094,0.5194463479152094,0.038892695830418766,0.056478653103113174,334.9095153808594,333.2486572265625,2429,4858
flood,theta_e_delta_24h,12,0.5033847222417607,0.5033847222417607,0.006769444483521347,-0.005697166081517935,0.20333892107009888,0.22996185719966888,2429,4858
flood,tcwv,12,0.5791260285485265,0.5791260285485265,0.15825205709705292,0.2073577493429184,43.599998474121094,37.400001525878906,2429,4832
flood,tcwv_anom_7d,12,0.6173891616506167,0.6173891616506167,0.2347783233012335,0.30400702357292175,2.4779746532440186,0.32857292890548706,2429,4831
flood,blh,12,0.5142852115988101,0.5142852115988101,0.028570423197620265,0.06521739065647125,430.0,385.0,2429,4832
flood,blh_delta_24h,12,0.5127021312561515,0.5127021312561515,0.02540426251230299,0.021276595070958138,5.0,0.0,2429,4832
flood,snow_accum_14d,12,0.5009176631145444,0.5009176631145444,0.001835326229088885,,0.0,0.0,2429,4858
flood,snowmelt_proxy,12,0.5034129423846376,0.5034129423846376,0.006825884769275259,,0.0,0.0,2429,4858
flood,rain_on_sat_6h,12,0.6344903125548713,0.6344903125548713,0.26898062510974263,0.34376072883605957,0.711384654045105,0.01907692290842533,2429,4837
flood,rain_on_sat_24h,12,0.644980501865977,0.644980501865977,0.289961003731954,0.44423437118530273,3.932307720184326,0.4615384638309479,2429,4837
flood,rain_on_sat_72h,12,0.6377747844446962,0.6377747844446962,0.2755495688893923,0.4215112328529358,12.328615188598633,3.4427692890167236,2429,4837
flood,precip_1h,24,0.5816730765091294,0.5816730765091294,0.16334615301825872,0.0,0.0,0.0,2429,4858
flood,precip_sum_3h,24,0.5885069273247423,0.5885069273247423,0.1770138546494846,0.0,0.0,0.0,2429,4858
flood,precip_sum_6h,24,0.5920247842345502,0.5920247842345502,0.18404956846910037,0.1875,0.30000001192092896,0.0,2429,4858
flood,precip_sum_12h,24,0.6056043932576062,0.6056043932576062,0.21120878651521235,0.28205129504203796,1.3000000715255737,0.20000000298023224,2429,4858
flood,precip_sum_24h,24,0.6066488775247494,0.6066488775247494,0.21329775504949877,0.3297872245311737,4.699999809265137,1.5999999046325684,2429,4858
flood,precip_sum_48h,24,0.6037284317176779,0.6037284317176779,0.20745686343535574,0.3027026951313019,10.5,4.900000095367432,2429,4858
flood,precip_sum_72h,24,0.5974680091206146,0.5974680091206146,0.1949360182412292,0.2742537260055542,16.200000762939453,8.850000381469727,2429,4858
flood,api_96h,24,0.5919604202750456,0.5919604202750456,0.18392084055009117,0.23271988332271576,32.853546142578125,22.8829288482666,2429,4858
flood,wet_spell_h,24,0.5795946163763946,0.5795946163763946,0.1591892327527893,0.0,0.0,0.0,2429,4858
flood,wet_frac_72h,24,0.5826556967993951,0.5826556967993951,0.1653113935987902,0.22580648958683014,0.3333333432674408,0.2361111044883728,2429,4858
flood,sm_0_7,24,0.5643789088722149,0.5643789088722149,0.12875781774442974,0.18562886118888855,0.3930000066757202,0.3619999885559082,2429,4837
flood,sm_delta_7d,24,0.5761680517262936,0.5761680517262936,0.1523361034525872,0.1428571492433548,0.006000000052154064,-0.000999998301267624,2429,4837
flood,sm_pct,24,0.5904565832555471,0.5904565832555471,0.18091316651109413,0.2908163070678711,0.6613418459892273,0.4792332351207733,2429,4837
flood,sm_sat_ratio,24,0.5851687381454741,0.5851687381454741,0.1703374762909482,0.21258074045181274,0.922636091709137,0.8878504633903503,2399,4767
flood,sm_7_28,24,0.5549897000384626,0.5549897000384626,0.1099794000769252,0.16568045318126678,0.3840000033378601,0.35600000619888306,2429,4837
flood,sm2_delta_7d,24,0.5621334125679532,0.5621334125679532,0.12426682513590648,0.11110963672399521,0.001999974250793457,-0.001999974250793457,2429,4837
flood,mslp_hpa,24,0.4428757783208625,0.5571242216791374,-0.114248443358275,-0.15068183839321136,1010.2000122070312,1011.2999877929688,2429,4858
flood,mslp_tend_3h,24,0.47169697634304575,0.5283030236569543,-0.0566060473139085,-0.06666666269302368,0.4000000059604645,0.5,2429,4858
flood,mslp_tend_6h,24,0.45834274710972345,0.5416572528902766,-0.0833145057805531,-0.1428571492433548,0.0,0.30000001192092896,2429,4858
flood,mslp_tend_24h,24,0.4469467669800939,0.553053233019906,-0.10610646603981222,-0.12000000476837158,-0.30000001192092896,0.0,2429,4858
flood,gust,24,0.5652957326906711,0.5652957326906711,0.13059146538134225,0.18918927013874054,5.300000190734863,4.599999904632568,2429,4858
flood,gust_delta_6h,24,0.5185441084222974,0.5185441084222974,0.037088216844594735,0.0,0.0,0.0,2429,4858
flood,gust_max_24h,24,0.5459179012484828,0.5459179012484828,0.09183580249696566,0.10256399214267731,9.199999809265137,8.800000190734863,2429,4858
flood,wspd_10m,24,0.5386379942105487,0.5386379942105487,0.0772759884210974,0.113153837621212,2.024845838546753,1.8027757406234741,2429,4858
flood,wspd_delta_6h,24,0.5250635546430948,0.5250635546430948,0.050127109286189686,0.06844747811555862,0.0,-0.0767524242401123,2429,4858
flood,gust_factor,24,0.5143827814077903,0.5143827814077903,0.028765562815580514,0.01778958924114704,2.444939613342285,2.41585636138916,2429,4858
flood,dir_veer_6h,24,0.4729567327067851,0.5270432672932148,-0.05408653458642976,-0.06937442719936371,16.47942543029785,18.56606101989746,1780,3485
flood,dewpoint_dep,24,0.426855296429296,0.573144703570704,-0.14628940714140803,-0.18644097447395325,1.8500003814697266,2.400001049041748,2429,4858
flood,theta_e,24,0.5226886982649782,0.5226886982649782,0.045377396529956426,0.06461727619171143,333.501708984375,331.49798583984375,2429,4858
flood,theta_e_delta_24h,24,0.5271012523472295,0.5271012523472295,0.054202504694458975,0.06078943610191345,0.4353918731212616,0.15436768531799316,2429,4858
flood,tcwv,24,0.5672685390930233,0.5672685390930233,0.13453707818604665,0.17845115065574646,42.29999923706055,37.0,2429,4832
flood,tcwv_anom_7d,24,0.5930259570519372,0.5930259570519372,0.18605191410387434,0.23567357659339905,1.6190475225448608,-0.03333241492509842,2429,4831
flood,blh,24,0.5361700267736157,0.5361700267736157,0.07234005354723139,0.1184210553765297,265.0,220.0,2429,4832
flood,blh_delta_24h,24,0.5347566245613844,0.5347566245613844,0.0695132491227688,0.03125,5.0,0.0,2429,4832
flood,snow_accum_14d,24,0.5005248268613727,0.5005248268613727,0.0010496537227453473,,0.0,0.0,2429,4858
flood,snowmelt_proxy,24,0.5038308208366687,0.5038308208366687,0.007661641673337494,,0.0,0.0,2429,4858
flood,rain_on_sat_6h,24,0.5949358302565658,0.5949358302565658,0.18987166051313165,0.09806694835424423,0.09968051314353943,0.0,2429,4837
flood,rain_on_sat_24h,24,0.6103566213266357,0.6103566213266357,0.2207132426532714,0.3166961371898651,2.506070375442505,0.44440895318984985,2429,4837
flood,rain_on_sat_72h,24,0.6061125418150011,0.6061125418150011,0.21222508363000214,0.3145988881587982,9.561661720275879,3.5412142276763916,2429,4837
flood,precip_1h,48,0.546399592816389,0.546399592816389,0.09279918563277789,0.0,0.0,0.0,2429,4858
flood,precip_sum_3h,48,0.5505482080548254,0.5505482080548254,0.10109641610965081,0.0,0.0,0.0,2429,4858
flood,precip_sum_6h,48,0.5539572097888811,0.5539572097888811,0.10791441957776216,0.07692307233810425,0.10000000149011612,0.0,2429,4858
flood,precip_sum_12h,48,0.5680361797485814,0.5680361797485814,0.1360723594971629,0.1764705926179886,0.800000011920929,0.20000000298023224,2429,4858
flood,precip_sum_24h,48,0.5722218286279706,0.5722218286279706,0.1444436572559411,0.1910112500190735,3.4000000953674316,1.7000000476837158,2429,4858
flood,precip_sum_48h,48,0.5699294293039658,0.5699294293039658,0.13985885860793168,0.21468926966190338,8.699999809265137,4.900000095367432,2429,4858
flood,precip_sum_72h,48,0.572672079736395,0.572672079736395,0.14534415947279,0.22352944314479828,14.600000381469727,8.899999618530273,2429,4858
flood,api_96h,48,0.5725846650896155,0.5725846650896155,0.14516933017923095,0.19777067005634308,30.471887588500977,22.192577362060547,2429,4858
flood,wet_spell_h,48,0.5460608663566914,0.5460608663566914,0.09212173271338275,0.0,0.0,0.0,2429,4858
flood,wet_frac_72h,48,0.5606362311719528,0.5606362311719528,0.12127246234390565,0.20000003278255463,0.3194444477558136,0.2361111044883728,2429,4858
flood,sm_0_7,48,0.5514914240468163,0.5514914240468163,0.10298284809363256,0.14814819395542145,0.3869999945163727,0.3619999885559082,2429,4837
flood,sm_delta_7d,48,0.5470537797859542,0.5470537797859542,0.0941075595719083,0.08163252472877502,0.0029999911785125732,-0.0010000020265579224,2429,4836
flood,sm_pct,48,0.556820397660309,0.556820397660309,0.113640795320618,0.1783783882856369,0.5951557159423828,0.4809688627719879,2429,4837
flood,sm_sat_ratio,48,0.5602838518711523,0.5602838518711523,0.12056770374230452,0.15286511182785034,0.9162790179252625,0.892086386680603,2396,4767
flood,sm_7_28,48,0.5446126260344114,0.5446126260344114,0.08922525206882281,0.14035098254680634,0.3790000081062317,0.35499998927116394,2429,4837
flood,sm2_delta_7d,48,0.5456675115037112,0.5456675115037112,0.09133502300742236,0.05555544048547745,0.0,-0.001999996602535248,2429,4836
flood,mslp_hpa,48,0.4708637194216108,0.5291362805783892,-0.05827256115677837,-0.07042277604341507,1010.7000122070312,1011.2000122070312,2429,4858
flood,mslp_tend_3h,48,0.4772852849666638,0.5227147150333362,-0.04542943006667244,-0.06666668504476547,0.5,0.6000000238418579,2429,4858
flood,mslp_tend_6h,48,0.46802170527289555,0.5319782947271045,-0.0639565894542089,-0.0476190522313118,0.10000000149011612,0.20000000298023224,2429,4858
flood,mslp_tend_24h,48,0.4671102709286257,0.5328897290713743,-0.06577945814274855,-0.0833333283662796,-0.20000000298023224,0.0,2429,4858
flood,gust,48,0.5273600217354422,0.5273600217354422,0.05472004347088433,0.055555637925863266,4.900000095367432,4.699999809265137,2429,4858
flood,gust_delta_6h,48,0.506785249458436,0.506785249458436,0.013570498916871898,0.035714250057935715,0.09999990463256836,0.0,2429,4858
flood,gust_max_24h,48,0.5235279297211664,0.5235279297211664,0.047055859442332704,0.05128199979662895,8.899999618530273,8.699999809265137,2429,4858
flood,wspd_10m,48,0.5146338813577737,0.5146338813577737,0.02926776271554732,0.04560159891843796,1.9104973077774048,1.8248287439346313,2429,4858
flood,wspd_delta_6h,48,0.5032659518806734,0.5032659518806734,0.0065319037613467135,0.009813785552978516,-0.027146577835083008,-0.03845378756523132,2429,4858
flood,gust_factor,48,0.5106148414900845,0.5106148414900845,0.02122968298016903,0.002951493253931403,2.433696746826172,2.429032564163208,2429,4858
flood,dir_veer_6h,48,0.5063112414835474,0.5063112414835474,0.012622482967094895,0.012115654535591602,17.99365234375,17.619396209716797,1742,3438
flood,dewpoint_dep,48,0.44543792153308764,0.5545620784669123,-0.10912415693382471,-0.13333368301391602,2.049999237060547,2.450000286102295,2429,4858
flood,theta_e,48,0.518968724115646,0.518968724115646,0.03793744823129197,0.04816870018839836,332.9126892089844,331.4007568359375,2429,4858
flood,theta_e_delta_24h,48,0.513983207913301,0.513983207913301,0.027966415826601976,0.04034119471907616,0.24250666797161102,0.0657142847776413,2429,4858
flood,tcwv,48,0.5491148961636299,0.5491148961636299,0.0982297923272597,0.12837834656238556,40.70000076293945,36.900001525878906,2429,4832
flood,tcwv_anom_7d,48,0.5554878209898167,0.5554878209898167,0.1109756419796335,0.11706451326608658,0.7238110303878784,-0.0818437710404396,2429,4830
flood,blh,48,0.5093588373380156,0.5093588373380156,0.018717674676031137,0.0533333346247673,245.0,225.0,2429,4832
flood,blh_delta_24h,48,0.5070451239545889,0.5070451239545889,0.014090247909177789,0.0,0.0,0.0,2429,4831
flood,snow_accum_14d,48,0.5007574099908797,0.5007574099908797,0.0015148199817593966,,0.0,0.0,2429,4858
flood,snowmelt_proxy,48,0.5033270531509866,0.5033270531509866,0.006654106301973162,,0.0,0.0,2429,4858
flood,rain_on_sat_6h,48,0.5554832283363973,0.5554832283363973,0.11096645667279459,0.009612084366381168,0.0072664362378418446,0.0,2429,4837
flood,rain_on_sat_24h,48,0.5736768339085134,0.5736768339085134,0.14735366781702686,0.16716156899929047,1.513494849205017,0.5200692415237427,2429,4837
flood,rain_on_sat_72h,48,0.5739240449012446,0.5739240449012446,0.1478480898024892,0.2220982164144516,7.39654016494751,3.402768135070801,2429,4837
flood,precip_1h,72,0.5348625543449613,0.5348625543449613,0.06972510868992265,0.0,0.0,0.0,2429,4858
flood,precip_sum_3h,72,0.5360532664095046,0.5360532664095046,0.07210653281900914,0.0,0.0,0.0,2429,4858
flood,precip_sum_6h,72,0.5379310499706697,0.5379310499706697,0.0758620999413393,0.0,0.0,0.0,2429,4858
flood,precip_sum_12h,72,0.5448721881763194,0.5448721881763194,0.08974437635263888,0.09375,0.5,0.20000000298023224,2429,4858
flood,precip_sum_24h,72,0.5486398314859168,0.5486398314859168,0.09727966297183355,0.12941178679466248,2.9000000953674316,1.7999999523162842,2429,4858
flood,precip_sum_48h,72,0.5557978325913329,0.5557978325913329,0.11159566518266573,0.16470587253570557,7.899999618530273,5.099999904632568,2429,4858
flood,precip_sum_72h,72,0.5598348384358685,0.5598348384358685,0.11966967687173691,0.16141733527183533,13.100000381469727,9.0,2429,4858
flood,api_96h,72,0.5608672041431576,0.5608672041431576,0.12173440828631521,0.1787145733833313,28.660051345825195,21.36095428466797,2429,4858
flood,wet_spell_h,72,0.5316237632924924,0.5316237632924924,0.06324752658498478,0.0,0.0,0.0,2429,4858
flood,wet_frac_72h,72,0.5471836975370171,0.5471836975370171,0.09436739507403424,0.13793103396892548,0.2916666567325592,0.2361111044883728,2429,4858
flood,sm_0_7,72,0.5424502426702089,0.5424502426702089,0.08490048534041783,0.11046508699655533,0.38199999928474426,0.3630000054836273,2429,4837
flood,sm_delta_7d,72,0.5330917068738952,0.5330917068738952,0.06618341374779035,0.061224013566970825,0.001999974250793457,-0.0010000020265579224,2429,4836
flood,sm_pct,72,0.5471123977185264,0.5471123977185264,0.09422479543705276,0.14035087823867798,0.5584905743598938,0.4679245352745056,2429,4837
flood,sm_sat_ratio,72,0.5471096438671857,0.5471096438671857,0.09421928773437149,0.11994639784097672,0.9127182364463806,0.8943820595741272,2395,4765
flood,sm_7_28,72,0.5361375318716634,0.5361375318716634,0.0722750637433267,0.11560682207345963,0.37599998712539673,0.35600000619888306,2429,4837
flood,sm2_delta_7d,72,0.5309147021055546,0.5309147021055546,0.06182940421110916,0.028571903705596924,0.0,-0.0010000169277191162,2429,4836
flood,mslp_hpa,72,0.48101034382642427,0.5189896561735757,-0.03797931234715146,-0.0428554005920887,1010.9000244140625,1011.2000122070312,2429,4858
flood,mslp_tend_3h,72,0.49369601838360105,0.506303981616399,-0.012607963232797892,0.0,0.5,0.5,2429,4858
flood,mslp_tend_6h,72,0.4900924841030766,0.5099075158969234,-0.019815031793846805,-0.0476190522313118,0.10000000149011612,0.20000000298023224,2429,4858
flood,mslp_tend_24h,72,0.4844590910469944,0.5155409089530056,-0.031081817906011167,-0.0416666641831398,-0.20000000298023224,-0.10000000149011612,2429,4858
flood,gust,72,0.5138313869344298,0.5138313869344298,0.027662773868859514,0.057142939418554306,4.900000095367432,4.699999809265137,2429,4858
flood,gust_delta_6h,72,0.49333114803778483,0.5066688519622151,-0.013337703924430344,0.0,0.0,0.0,2429,4858
flood,gust_max_24h,72,0.5154173928621852,0.5154173928621852,0.030834785724370484,0.026666510850191116,8.699999809265137,8.600000381469727,2429,4858
flood,wspd_10m,72,0.5018159195842876,0.5018159195842876,0.003631839168575235,-0.005801132880151272,1.8248287439346313,1.8357559442520142,2429,4858
flood,wspd_delta_6h,72,0.49383923772733107,0.5061607622726689,-0.012321524545337859,-0.02726779133081436,-0.06632518768310547,-0.035670578479766846,2429,4858
flood,gust_factor,72,0.5134222796078874,0.5134222796078874,0.026844559215774888,0.03373730182647705,2.4689438343048096,2.4160971641540527,2429,4858
flood,dir_veer_6h,72,0.5054439596790564,0.5054439596790564,0.01088791935811284,0.0040349396876990795,18.24740219116211,18.123167037963867,1745,3444
flood,dewpoint_dep,72,0.45683741858743016,0.5431625814125698,-0.08632516282513969,-0.11290279030799866,2.1000003814697266,2.4499988555908203,2429,4858
flood,theta_e,72,0.5144016795815487,0.5144016795815487,0.028803359163097397,0.04872513562440872,332.79107666015625,331.2611389160156,2429,4858
flood,theta_e_delta_24h,72,0.5143196038807188,0.5143196038807188,0.02863920776143769,0.03717973828315735,0.24365468323230743,0.07636159658432007,2429,4858
flood,tcwv,72,0.5377309674661015,0.5377309674661015,0.07546193493220299,0.0945945754647255,39.79999923706055,37.0,2429,4831
flood,tcwv_anom_7d,72,0.5431646759693728,0.5431646759693728,0.08632935193874558,0.12061948329210281,0.861903190612793,0.039285581558942795,2429,4830
flood,blh,72,0.5055313822942079,0.5055313822942079,0.011062764588415819,0.01315789483487606,240.0,235.0,2429,4831
flood,blh_delta_24h,72,0.49817861844804795,0.5018213815519521,-0.003642763103904101,0.0,0.0,0.0,2429,4831
flood,snow_accum_14d,72,0.4999138989034144,0.5000861010965856,-0.00017220219317115593,,0.0,0.0,2429,4858
flood,snowmelt_proxy,72,0.5024802370017428,0.5024802370017428,0.004960474003485649,,0.0,0.0,2429,4858
flood,rain_on_sat_6h,72,0.5393272728835713,0.5393272728835713,0.07865454576714259,0.0,0.0,0.0,2429,4837
flood,rain_on_sat_24h,72,0.5506242918058302,0.5506242918058302,0.10124858361166034,0.12243936210870743,1.192830204963684,0.507169783115387,2429,4837
flood,rain_on_sat_72h,72,0.5614417409782031,0.5614417409782031,0.1228834819564062,0.15537431836128235,6.081509590148926,3.441509485244751,2429,4837
destructive_wind,precip_1h,6,0.8387173886017725,0.8387173886017725,0.677434777203545,1.75,1.399999976158142,0.0,2055,4110
destructive_wind,precip_sum_3h,6,0.8432083636729596,0.8432083636729596,0.6864167273459192,1.7083332538604736,4.099999904632568,0.0,2055,4110
destructive_wind,precip_sum_6h,6,0.8480360641956891,0.8480360641956891,0.6960721283913782,1.6956522464752197,7.900000095367432,0.10000000149011612,2055,4110
destructive_wind,precip_sum_12h,6,0.8386466454733278,0.8386466454733278,0.6772932909466556,1.6341463327407837,13.699999809265137,0.30000001192092896,2055,4110
destructive_wind,precip_sum_24h,6,0.8178498232901771,0.8178498232901771,0.6356996465803542,1.3076921701431274,19.799999237060547,1.100000023841858,2055,4110
destructive_wind,precip_sum_48h,6,0.7803614707466804,0.7803614707466804,0.5607229414933608,0.9911503791809082,25.600000381469727,3.200000047683716,2055,4110
destructive_wind,precip_sum_72h,6,0.7522411067895644,0.7522411067895644,0.5044822135791287,0.8047945499420166,29.700000762939453,6.199999809265137,2055,4110
destructive_wind,api_96h,6,0.7047848994500387,0.7047848994500387,0.4095697989000775,0.5999869704246521,42.98918151855469,18.4390926361084,2055,4110
destructive_wind,wet_spell_h,6,0.8215147909377757,0.8215147909377757,0.6430295818755514,1.3333333730697632,12.0,0.0,2055,4110
destructive_wind,wet_frac_72h,6,0.6603243528039735,0.6603243528039735,0.320648705607947,0.4375000298023224,0.4583333432674408,0.2638888955116272,2055,4110
destructive_wind,sm_0_7,6,0.5004344549284909,0.5004344549284909,0.0008689098569818476,,0.0,0.0,2055,4100
destructive_wind,sm_delta_7d,6,0.5078459438608984,0.5078459438608984,0.01569188772179686,,0.0,0.0,2055,4100
destructive_wind,sm_pct,6,0.5083116728977509,0.5083116728977509,0.016623345795501843,,1.0,1.0,2055,4100
destructive_wind,sm_sat_ratio,6,0.5466529380421206,0.5466529380421206,0.09330587608424112,0.09353217482566833,0.8360655307769775,0.8168736696243286,479,956
destructive_wind,sm_7_28,6,0.4998323541629577,0.5001676458370423,-0.0003352916740846368,,0.0,0.0,2055,4100
destructive_wind,sm2_delta_7d,6,0.5079084920776215,0.5079084920776215,0.015816984155242908,,0.0,0.0,2055,4100
destructive_wind,mslp_hpa,6,0.11490673154906732,0.8850932684509327,-0.7701865369018653,-1.1954047679901123,1001.7000122070312,1012.0999755859375,2055,4110
destructive_wind,mslp_tend_3h,6,0.1952971507391029,0.8047028492608971,-0.6094056985217942,-0.9545456171035767,-1.7000000476837158,0.4000000059604645,2055,4110
destructive_wind,mslp_tend_6h,6,0.16063964811953516,0.8393603518804649,-0.6787207037609297,-1.0588234663009644,-2.700000047683716,0.8999999761581421,2055,4110
destructive_wind,mslp_tend_24h,6,0.07059696544538571,0.9294030345546143,-0.8588060691092285,-1.4509804248809814,-7.400000095367432,0.0,2055,4110
destructive_wind,gust,6,0.86253449837498,0.86253449837498,0.72506899674996,1.2368420362472534,17.299999237060547,7.900000095367432,2055,4110
destructive_wind,gust_delta_6h,6,0.7004375418094849,0.7004375418094849,0.40087508361896984,0.7741933465003967,2.5,0.10000038146972656,2055,4110
destructive_wind,gust_max_24h,6,0.8717956322778103,0.8717956322778103,0.7435912645556206,1.2236844301223755,19.200000762939453,9.899999618530273,2055,4110
destructive_wind,wspd_10m,6,0.8136671580206132,0.8136671580206132,0.6273343160412264,1.1678504943847656,12.23315143585205,5.233545303344727,2055,4110
destructive_wind,wspd_delta_6h,6,0.6752328011318901,0.6752328011318901,0.3504656022637802,0.661905825138092,1.433487892150879,0.03505599498748779,2055,4110
destructive_wind,gust_factor,6,0.4861550073703092,0.5138449926296909,-0.0276899852593816,0.00698980363085866,1.446970820426941,1.4439404010772705,2055,4110
destructive_wind,dir_veer_6h,6,0.5382428430404739,0.5382428430404739,0.07648568608094775,0.13199149072170258,14.029150009155273,11.528636932373047,2026,3900
destructive_wind,dewpoint_dep,6,0.2656276602672255,0.7343723397327745,-0.468744679465549,-0.5897431373596191,2.25,3.3999996185302734,2055,4110
destructive_wind,theta_e,6,0.6812893009158127,0.6812893009158127,0.3625786018316255,0.42457863688468933,347.7430114746094,343.8284606933594,2055,4110
destructive_wind,theta_e_delta_24h,6,0.7212817826084382,0.7212817826084382,0.44256356521687645,0.6227117776870728,2.505619764328003,0.10108178853988647,2055,4110
destructive_wind,tcwv,6,0.8332695233363546,0.8332695233363546,0.6665390466727092,0.8515283465385437,63.79999923706055,44.29999923706055,2055,4099
destructive_wind,tcwv_anom_7d,6,0.8857297697082369,0.8857297697082369,0.7714595394164738,1.0204544067382812,14.11011791229248,-0.039881039410829544,2055,4099
destructive_wind,blh,6,0.7577358788476686,0.7577358788476686,0.5154717576953372,0.8068181872367859,975.0,620.0,2055,4099
destructive_wind,blh_delta_24h,6,0.706640928978583,0.706640928978583,0.413281857957166,0.7538461685180664,245.0,0.0,2055,4099
destructive_wind,snow_accum_14d,6,0.4987947028492609,0.501205297150739,-0.002410594301478164,,0.0,0.0,2055,4110
destructive_wind,snowmelt_proxy,6,0.5030492952326827,0.5030492952326827,0.006098590465365428,,0.0,0.0,2055,4110
destructive_wind,rain_on_sat_6h,6,0.8419624948074298,0.8419624948074298,0.6839249896148596,1.7631813287734985,7.800000190734863,0.00045317222247831523,2055,4100
destructive_wind,rain_on_sat_24h,6,0.8107511720372678,0.8107511720372678,0.6215023440745355,1.335714340209961,19.700000762939453,1.0,2055,4100
destructive_wind,rain_on_sat_72h,6,0.7459449290843273,0.7459449290843273,0.4918898581686546,0.8304498195648193,29.399999618530273,5.400000095367432,2055,4100
destructive_wind,precip_1h,12,0.7874110382960082,0.7874110382960082,0.5748220765920165,1.399999976158142,0.699999988079071,0.0,2055,4110
destructive_wind,precip_sum_3h,12,0.7925932832507504,0.7925932832507504,0.5851865665015008,1.3124998807907104,2.0999999046325684,0.0,2055,4110
destructive_wind,precip_sum_6h,12,0.786188099762611,0.786188099762611,0.5723761995252219,1.121212124824524,3.799999952316284,0.10000000149011612,2055,4110
destructive_wind,precip_sum_12h,12,0.774366064610084,0.774366064610084,0.5487321292201679,1.065573811531067,6.900000095367432,0.4000000059604645,2055,4110
destructive_wind,precip_sum_24h,12,0.7476699167066262,0.7476699167066262,0.4953398334132524,0.8679244518280029,10.399999618530273,1.2000000476837158,2055,4110
destructive_wind,precip_sum_48h,12,0.705703553732218,0.705703553732218,0.4114071074644361,0.6436782479286194,14.600000381469727,3.4000000953674316,2055,4110
destructive_wind,precip_sum_72h,12,0.6806755820768288,0.6806755820768288,0.36135116415365753,0.5400843620300293,18.799999237060547,6.0,2055,4110
destructive_wind,api_96h,12,0.6397230658118293,0.6397230658118293,0.2794461316236585,0.38961368799209595,32.27096939086914,18.179040908813477,2055,4110
destructive_wind,wet_spell_h,12,0.7697256113804678,0.7697256113804678,0.5394512227609356,1.1666666269302368,7.0,0.0,2055,4110
destructive_wind,wet_frac_72h,12,0.6213220973117611,0.6213220973117611,0.24264419462352227,0.35483863949775696,0.4166666567325592,0.2638888955116272,2055,4110
destructive_wind,sm_0_7,12,0.49928846952703104,0.500711530472969,-0.001423060945937915,,0.0,0.0,2055,4100
destructive_wind,sm_delta_7d,12,0.4954957569283722,0.5045042430716278,-0.009008486143255556,,0.0,0.0,2055,4100
destructive_wind,sm_pct,12,0.5029539493205151,0.5029539493205151,0.00590789864103014,,1.0,1.0,2055,4100
destructive_wind,sm_sat_ratio,12,0.5023868589547611,0.5023868589547611,0.0047737179095221904,-0.056315742433071136,0.8129675984382629,0.8246073722839355,479,956
destructive_wind,sm_7_28,12,0.49942685894012223,0.5005731410598777,-0.0011462821197555373,,0.0,0.0,2055,4100
destructive_wind,sm2_delta_7d,12,0.49900629042786776,0.5009937095721322,-0.0019874191442644795,,0.0,0.0,2055,4100
destructive_wind,mslp_hpa,12,0.1708960993600559,0.8291039006399441,-0.6582078012798882,-0.9315067529678345,1004.5,1011.2999877929688,2055,4110
destructive_wind,mslp_tend_3h,12,0.25730968914462976,0.7426903108553702,-0.4853806217107405,-0.5789473056793213,-1.399999976158142,-0.30000001192092896,2055,4110
destructive_wind,mslp_tend_6h,12,0.22064846881086425,0.7793515311891357,-0.5587030623782715,-0.7692307233810425,-2.700000047683716,-0.699999988079071,2055,4110
destructive_wind,mslp_tend_24h,12,0.10597806075029155,0.8940219392497084,-0.7880438784994169,-1.2105263471603394,-4.599999904632568,0.0,2055,4110
destructive_wind,gust,12,0.8309772615601376,0.8309772615601376,0.6619545231202753,1.0579710006713867,15.0,7.699999809265137,2055,4110
destructive_wind,gust_delta_6h,12,0.7271061620520836,0.7271061620520836,0.4542123241041671,0.73333340883255,2.0999999046325684,-0.10000038146972656,2055,4110
destructive_wind,gust_max_24h,12,0.8263417810692573,0.8263417810692573,0.6526835621385145,1.0,16.0,9.800000190734863,2055,4110
destructive_wind,wspd_10m,12,0.7965229900367627,0.7965229900367627,0.5930459800735255,0.9780065417289734,10.793516159057617,5.142470359802246,2055,4110
destructive_wind,wspd_delta_6h,12,0.7205654122341213,0.7205654122341213,0.4411308244682426,0.6904856562614441,1.3559272289276123,-0.048529624938964844,2055,4110
destructive_wind,gust_factor,12,0.4529523268273335,0.5470476731726666,-0.09409534634533301,-0.09533017128705978,1.4021666049957275,1.4392859935760498,2055,4110
destructive_wind,dir_veer_6h,12,0.4779486190713509,0.5220513809286491,-0.04410276185729822,-0.03721466287970543,10.9160795211792,11.569229125976562,2023,3902
destructive_wind,dewpoint_dep,12,0.30299021436055906,0.6970097856394409,-0.3940195712788819,-0.5135138034820557,2.3500003814697266,3.3000011444091797,2055,4110
destructive_wind,theta_e,12,0.6498171334529158,0.6498171334529158,0.2996342669058316,0.3496665954589844,347.0011901855469,343.770263671875,2055,4110
destructive_wind,theta_e_delta_24h,12,0.6802375074739079,0.6802375074739079,0.36047501494781575,0.5039331316947937,1.8929070234298706,0.04050736874341965,2055,4110
destructive_wind,tcwv,12,0.7994591286581678,0.7994591286581678,0.5989182573163356,0.746478796005249,60.29999923706055,44.400001525878906,2055,4099
destructive_wind,tcwv_anom_7d,12,0.8502303392495588,0.8502303392495588,0.7004606784991176,0.9253693222999573,11.332738876342773,-0.16428573429584503,2055,4099
destructive_wind,blh,12,0.7308011152206728,0.7308011152206728,0.46160223044134563,0.7307692170143127,875.0,590.0,2055,4099
destructive_wind,blh_delta_24h,12,0.7168498755556664,0.7168498755556664,0.43369975111133274,0.6779661178588867,200.0,0.0,2055,4099
destructive_wind,snow_accum_14d,12,0.4989045766956151,0.501095423304385,-0.002190846608769781,,0.0,0.0,2055,4110
destructive_wind,snowmelt_proxy,12,0.5029258647533462,0.5029258647533462,0.005851729506692438,,0.0,0.0,2055,4110
destructive_wind,rain_on_sat_6h,12,0.7830827250608272,0.7830827250608272,0.5661654501216544,1.155961513519287,3.700000047683716,0.0009230769355781376,2055,4100
destructive_wind,rain_on_sat_24h,12,0.7430167349118747,0.7430167349118747,0.4860334698237494,0.873786449432373,10.0,1.0,2055,4100
destructive_wind,rain_on_sat_72h,12,0.6754265028781675,0.6754265028781675,0.35085300575633505,0.5493562817573547,18.200000762939453,5.400000095367432,2055,4100
destructive_wind,precip_1h,24,0.6566775001331984,0.6566775001331984,0.31335500026639673,0.3333333134651184,0.10000000149011612,0.0,2055,4110
destructive_wind,precip_sum_3h,24,0.6618724729311335,0.6618724729311335,0.323744945862267,0.625,0.5,0.0,2055,4110
destructive_wind,precip_sum_6h,24,0.6576737054599487,0.6576737054599487,0.3153474109198975,0.4736841917037964,1.0,0.10000000149011612,2055,4110
destructive_wind,precip_sum_12h,24,0.6444577050810734,0.6444577050810734,0.2889154101621467,0.42105260491371155,2.0,0.4000000059604645,2055,4110
destructive_wind,precip_sum_24h,24,0.6213789878108702,0.6213789878108702,0.2427579756217404,0.3287671208381653,3.6000001430511475,1.2000000476837158,2055,4110
destructive_wind,precip_sum_48h,24,0.5940243664198057,0.5940243664198057,0.18804873283961143,0.2700729966163635,7.099999904632568,3.4000000953674316,2055,4110
destructive_wind,precip_sum_72h,24,0.5853797337216805,0.5853797337216805,0.170759467443361,0.2335025519132614,10.5,5.900000095367432,2055,4110
destructive_wind,api_96h,24,0.5655353686042588,0.5655353686042588,0.13107073720851758,0.19575712084770203,24.52653694152832,18.089235305786133,2055,4110
destructive_wind,wet_spell_h,24,0.6472577121849858,0.6472577121849858,0.2945154243699717,0.5,2.0,0.0,2055,4110
destructive_wind,wet_frac_72h,24,0.5636406959466259,0.5636406959466259,0.12728139189325183,0.19999994337558746,0.3472222089767456,0.2638888955116272,2055,4110
destructive_wind,sm_0_7,24,0.49879497046635907,0.501205029533641,-0.0024100590672818667,,0.0,0.0,2055,4099
destructive_wind,sm_delta_7d,24,0.48664305399987773,0.5133569460001223,-0.026713892000244543,,0.0,0.0,2055,4099
destructive_wind,sm_pct,24,0.4984671948353672,0.5015328051646328,-0.0030656103292655557,,1.0,1.0,2055,4099
destructive_wind,sm_sat_ratio,24,0.47102357596457056,0.5289764240354294,-0.057952848070858876,-0.09356197714805603,0.8058823347091675,0.8246263265609741,479,956
destructive_wind,sm_7_28,24,0.4992544024446055,0.5007455975553945,-0.0014911951107889898,,0.0,0.0,2055,4099
destructive_wind,sm2_delta_7d,24,0.49408496167541904,0.505915038324581,-0.011830076649161914,,0.0,0.0,2055,4099
destructive_wind,mslp_hpa,24,0.2657374157150384,0.7342625842849616,-0.4685251685699232,-0.6065457463264465,1007.4000244140625,1011.0999755859375,2055,4110
destructive_wind,mslp_tend_3h,24,0.36593241811260885,0.6340675818873911,-0.2681351637747823,-0.3333333432674408,-1.0,-0.4000000059604645,2055,4110
destructive_wind,mslp_tend_6h,24,0.33128178260843827,0.6687182173915618,-0.33743643478312346,-0.4000000059604645,-1.899999976158142,-0.8999999761581421,2055,4110
destructive_wind,mslp_tend_24h,24,0.1896790807537251,0.8103209192462749,-0.6206418384925498,-0.8928570747375488,-2.5999999046325684,-0.10000000149011612,2055,4110
destructive_wind,gust,24,0.7343628086501974,0.7343628086501974,0.46872561730039486,0.6666666269302368,11.399999618530273,7.800000190734863,2055,4110
destructive_wind,gust_delta_6h,24,0.6572839966611611,0.6572839966611611,0.3145679933223222,0.44444456696510315,1.1999998092651367,0.0,2055,4110
destructive_wind,gust_max_24h,24,0.7014895128492017,0.7014895128492017,0.4029790256984034,0.5510205030441284,12.600000381469727,9.899999618530273,2055,4110
destructive_wind,wspd_10m,24,0.7123387855861616,0.7123387855861616,0.4246775711723232,0.635805070400238,8.202438354492188,5.11627197265625,2055,4110
destructive_wind,wspd_delta_6h,24,0.6533371812859265,0.6533371812859265,0.3066743625718531,0.41404634714126587,0.6916835308074951,-0.031167268753051758,2055,4110
destructive_wind,gust_factor,24,0.42897703660290903,0.5710229633970909,-0.14204592679418193,-0.13953956961631775,1.3807281255722046,1.4392755031585693,2055,4110
destructive_wind,dir_veer_6h,24,0.4644215133833693,0.5355784866166307,-0.07115697323326142,-0.09809255599975586,10.200697898864746,12.006200790405273,2017,3917
destructive_wind,dewpoint_dep,24,0.37305497836266654,0.6269450216373335,-0.2538900432746669,-0.3589746057987213,2.75,3.450000762939453,2055,4110
destructive_wind,theta_e,24,0.6042592099265337,0.6042592099265337,0.2085184198530674,0.257921427488327,346.240234375,343.9332275390625,2055,4110
destructive_wind,theta_e_delta_24h,24,0.6188328271795691,0.6188328271795691,0.23766565435913822,0.31270501017570496,1.1528923511505127,0.08299262821674347,2055,4110
destructive_wind,tcwv,24,0.6920206043964198,0.6920206043964198,0.38404120879283954,0.481481671333313,53.70000076293945,44.599998474121094,2055,4099
destructive_wind,tcwv_anom_7d,24,0.7103314024131457,0.7103314024131457,0.4206628048262915,0.6026171445846558,6.432737350463867,0.005358650349080563,2055,4099
destructive_wind,blh,24,0.6383911808054781,0.6383911808054781,0.27678236161095615,0.43478259444236755,765.0,615.0,2055,4099
destructive_wind,blh_delta_24h,24,0.6217140967858162,0.6217140967858162,0.24342819357163248,0.3461538553237915,95.0,5.0,2055,4099
destructive_wind,snow_accum_14d,24,0.49902427762089974,0.5009757223791003,-0.0019514447582005268,,0.0,0.0,2055,4110
destructive_wind,snowmelt_proxy,24,0.5009970933158103,0.5009970933158103,0.0019941866316206536,,0.0,0.0,2055,4110
destructive_wind,rain_on_sat_6h,24,0.6569846422692853,0.6569846422692853,0.31396928453857065,0.47058823704719543,0.9000000357627869,0.10000000149011612,2055,4099
destructive_wind,rain_on_sat_24h,24,0.6201441927857307,0.6201441927857307,0.24028838557146148,0.32976797223091125,3.299999952316284,1.0,2055,4099
destructive_wind,rain_on_sat_72h,24,0.5820116947400974,0.5820116947400974,0.1640233894801948,0.21677416563034058,9.59999942779541,5.400000095367432,2055,4099
destructive_wind,precip_1h,48,0.5320069736740843,0.5320069736740843,0.06401394734816868,0.0,0.0,0.0,2055,4110
destructive_wind,precip_sum_3h,48,0.536655300406699,0.536655300406699,0.07331060081339791,0.0,0.0,0.0,2055,4110
destructive_wind,precip_sum_6h,48,0.5401920424340372,0.5401920424340372,0.08038408486807436,0.09090909361839294,0.20000000298023224,0.10000000149011612,2055,4110
destructive_wind,precip_sum_12h,48,0.5343322618265343,0.5343322618265343,0.06866452365306852,0.07692307978868484,0.6000000238418579,0.4000000059604645,2055,4110
destructive_wind,precip_sum_24h,48,0.5252332155267847,0.5252332155267847,0.050466431053569405,0.0350877083837986,1.399999976158142,1.2000000476837158,2055,4110
destructive_wind,precip_sum_48h,48,0.52894240502957,0.52894240502957,0.057884810059140035,0.1043478325009346,4.300000190734863,3.1000001430511475,2055,4110
destructive_wind,precip_sum_72h,48,0.5276537553057347,0.5276537553057347,0.055307510611469324,0.09999998658895493,7.5,5.800000190734863,2055,4110
destructive_wind,api_96h,48,0.5206241971098916,0.5206241971098916,0.04124839421978321,0.07733513414859772,19.949918746948242,17.532318115234375,2055,4110
destructive_wind,wet_spell_h,48,0.5312464998431219,0.5312464998431219,0.06249299968624378,0.0,0.0,0.0,2055,4110
destructive_wind,wet_frac_72h,48,0.521386802114598,0.521386802114598,0.04277360422919596,0.06896547228097916,0.2916666567325592,0.2638888955116272,2055,4110
destructive_wind,sm_0_7,48,0.49859046940834373,0.5014095305916563,-0.0028190611833125434,,0.0,0.0,2055,4100
destructive_wind,sm_delta_7d,48,0.4815722509049908,0.5184277490950092,-0.03685549819001843,,0.0,0.0,2055,4100
destructive_wind,sm_pct,48,0.49545949795264377,0.5045405020473562,-0.009081004094712464,,1.0,1.0,2055,4100
destructive_wind,sm_sat_ratio,48,0.4648085708545523,0.5351914291454477,-0.07038285829089541,-0.08672606199979782,0.8109589219093323,0.8278974294662476,479,956
destructive_wind,sm_7_28,48,0.4993304848376951,0.5006695151623048,-0.0013390303246098023,,0.0,0.0,2055,4100
destructive_wind,sm2_delta_7d,48,0.49330692540502047,0.5066930745949796,-0.013386149189959062,,0.0,0.0,2055,4100
destructive_wind,mslp_hpa,48,0.38726836805370557,0.6127316319462944,-0.22546326389258886,-0.3090931177139282,1009.5,1011.2000122070312,2055,4110
destructive_wind,mslp_tend_3h,48,0.4564412358439744,0.5435587641560256,-0.08711752831205122,-0.1111111268401146,-0.6000000238418579,-0.4000000059604645,2055,4110
destructive_wind,mslp_tend_6h,48,0.43863297044180416,0.5613670295581958,-0.12273405911639168,-0.1538461446762085,-1.2999999523162842,-0.8999999761581421,2055,4110
destructive_wind,mslp_tend_24h,48,0.35380515152053327,0.6461948484794667,-0.29238969695893346,-0.40909087657928467,-0.8999999761581421,0.0,2055,4110
destructive_wind,gust,48,0.5805567691406042,0.5805567691406042,0.16111353828120833,0.21999987959861755,8.899999618530273,7.800000190734863,2055,4110
destructive_wind,gust_delta_6h,48,0.5471461215597824,0.5471461215597824,0.09429224311956474,0.1250002533197403,0.20000076293945312,-0.09999990463256836,2055,4110
destructive_wind,gust_max_24h,48,0.5660425879553164,0.5660425879553164,0.13208517591063273,0.17777782678604126,10.600000381469727,9.800000190734863,2055,4110
destructive_wind,wspd_10m,48,0.5764655075449471,0.5764655075449471,0.15293101508989415,0.19931815564632416,6.014150142669678,5.1453857421875,2055,4110
destructive_wind,wspd_delta_6h,48,0.548418313886373,0.548418313886373,0.09683662777274593,0.16623646020889282,0.2218608856201172,-0.0683450698852539,2055,4110
destructive_wind,gust_factor,48,0.46383362636972314,0.5361663736302769,-0.07233274726055372,-0.0746379867196083,1.4086265563964844,1.4430441856384277,2055,4110
destructive_wind,dir_veer_6h,48,0.48758284505409744,0.5124171549459026,-0.02483430989180513,-0.026972027495503426,11.116737365722656,11.622490882873535,1971,3936
destructive_wind,dewpoint_dep,48,0.46944707881198905,0.5305529211880109,-0.0611058423760219,-0.10526347160339355,3.25,3.450000762939453,2055,4110
destructive_wind,theta_e,48,0.5520774208061757,0.5520774208061757,0.10415484161235145,0.13866545259952545,345.2167663574219,343.94415283203125,2055,4110
destructive_wind,theta_e_delta_24h,48,0.5317572119511488,0.5317572119511488,0.06351442390229756,0.09583020210266113,0.395587295293808,0.08661976456642151,2055,4110
destructive_wind,tcwv,48,0.5549851634337257,0.5549851634337257,0.10997032686745145,0.15000003576278687,47.29999923706055,44.599998474121094,2055,4099
destructive_wind,tcwv_anom_7d,48,0.5405763912508481,0.5405763912508481,0.08115278250169622,0.13367928564548492,1.3023810386657715,0.014882371760904789,2055,4099
destructive_wind,blh,48,0.5453502693969036,0.5453502693969036,0.09070053879380713,0.1587301641702652,660.0,610.0,2055,4099
destructive_wind,blh_delta_24h,48,0.5429588487845531,0.5429588487845531,0.08591769756910628,0.12244898080825806,30.0,0.0,2055,4099
destructive_wind,snow_accum_14d,48,0.49950586368775934,0.5004941363122406,-0.0009882726244813123,,0.0,0.0,2055,4110
destructive_wind,snowmelt_proxy,48,0.5005081665393882,0.5005081665393882,0.0010163330787764657,,0.0,0.0,2055,4110
destructive_wind,rain_on_sat_6h,48,0.5405974719601211,0.5405974719601211,0.08119494392024218,0.11972318589687347,0.20000000298023224,0.08027681708335876,2055,4100
destructive_wind,rain_on_sat_24h,48,0.5249268292682927,0.5249268292682927,0.04985365853658541,0.037037044763565063,1.2000000476837158,1.0,2055,4100
destructive_wind,rain_on_sat_72h,48,0.5227158625600855,0.5227158625600855,0.04543172512017102,0.06576400250196457,6.199999809265137,5.111764907836914,2055,4100
destructive_wind,precip_1h,72,0.5093369089692815,0.5093369089692815,0.018673817938563042,0.0,0.0,0.0,2055,4110
destructive_wind,precip_sum_3h,72,0.5176609776167558,0.5176609776167558,0.03532195523351156,0.0,0.0,0.0,2055,4110
destructive_wind,precip_sum_6h,72,0.5153516732673853,0.5153516732673853,0.03070334653477058,0.0,0.10000000149011612,0.10000000149011612,2055,4110
destructive_wind,precip_sum_12h,72,0.5167030742181257,0.5167030742181257,0.03340614843625134,0.0416666641831398,0.5,0.4000000059604645,2055,4110
destructive_wind,precip_sum_24h,72,0.5215995050940972,0.5215995050940972,0.0431990101881945,0.05769231915473938,1.4000000953674316,1.100000023841858,2055,4110
destructive_wind,precip_sum_48h,72,0.5207939214188881,0.5207939214188881,0.04158784283777628,0.037037044763565063,3.6000001430511475,3.200000047683716,2055,4110
destructive_wind,precip_sum_72h,72,0.5215509024928813,0.5215509024928813,0.04310180498576255,0.04790420085191727,6.700000286102295,5.900000095367432,2055,4110
destructive_wind,api_96h,72,0.5148629240887752,0.5148629240887752,0.029725848177550418,0.05746515095233917,18.68379020690918,16.87283706665039,2055,4110
destructive_wind,wet_spell_h,72,0.5075383759272086,0.5075383759272086,0.015076751854417259,0.0,0.0,0.0,2055,4110
destructive_wind,wet_frac_72h,72,0.5169932098436547,0.5169932098436547,0.03398641968730942,0.03448277339339256,0.2777777910232544,0.2638888955116272,2055,4110
destructive_wind,sm_0_7,72,0.49929060589875973,0.5007093941012403,-0.0014187882024805365,,0.0,0.0,2055,4100
destructive_wind,sm_delta_7d,72,0.48839008267994866,0.5116099173200513,-0.023219834640102688,,0.0,0.0,2055,4099
destructive_wind,sm_pct,72,0.49952014717227466,0.5004798528277253,-0.0009597056554506711,,1.0,1.0,2055,4100
destructive_wind,sm_sat_ratio,72,0.48257243560066737,0.5174275643993327,-0.03485512879866526,-0.06833893060684204,0.8194443583488464,0.8327505588531494,479,956
destructive_wind,sm_7_28,72,0.4995507685003857,0.5004492314996143,-0.0008984629992285775,,0.0,0.0,2055,4100
destructive_wind,sm2_delta_7d,72,0.5036505847666839,0.5036505847666839,0.007301169533367791,,0.0,0.0,2055,4099
destructive_wind,mslp_hpa,72,0.43779216320054937,0.5622078367994506,-0.12441567359890127,-0.19091796875,1010.0999755859375,1011.1500244140625,2055,4110
destructive_wind,mslp_tend_3h,72,0.4836935608953298,0.5163064391046702,-0.032612878209340446,-0.05882352590560913,-0.5,-0.4000000059604645,2055,4110
destructive_wind,mslp_tend_6h,72,0.47770987621432504,0.522290123785675,-0.04458024757134993,-0.08000002056360245,-1.100000023841858,-0.8999999761581421,2055,4110
destructive_wind,mslp_tend_24h,72,0.4495262282368681,0.5504737717631318,-0.10094754352626378,-0.1904762089252472,-0.4000000059604645,0.0,2055,4110
destructive_wind,gust,72,0.529929316070826,0.529929316070826,0.0598586321416521,0.08510629832744598,8.199999809265137,7.800000190734863,2055,4110
destructive_wind,gust_delta_6h,72,0.5191123661356493,0.5191123661356493,0.03822473227129852,0.04347842186689377,0.10000038146972656,0.0,2055,4110
destructive_wind,gust_max_24h,72,0.5237228053350382,0.5237228053350382,0.047445610670076466,0.04545450583100319,10.0,9.800000190734863,2055,4110
destructive_wind,wspd_10m,72,0.5312725475222145,0.5312725475222145,0.06254509504442907,0.05979958176612854,5.467174530029297,5.217757225036621,2055,4110
destructive_wind,wspd_delta_6h,72,0.5266839528537008,0.5266839528537008,0.053367905707401686,0.08708244562149048,0.08549308776855469,-0.05785548686981201,2055,4110
destructive_wind,gust_factor,72,0.474671414448174,0.5253285855518259,-0.05065717110365198,-0.05962719768285751,1.4214845895767212,1.4493002891540527,2055,4110
destructive_wind,dir_veer_6h,72,0.4880672621915811,0.5119327378084189,-0.023865475616837828,-0.0471007339656353,10.79840087890625,11.691584587097168,1955,3933
destructive_wind,dewpoint_dep,72,0.48251253544556333,0.5174874645544367,-0.03497492910887334,-0.052631791681051254,3.3999996185302734,3.5,2055,4110
destructive_wind,theta_e,72,0.5352484297393456,0.5352484297393456,0.07049685947869122,0.08154644817113876,344.801513671875,344.054443359375,2055,4110
destructive_wind,theta_e_delta_24h,72,0.5229849456254699,0.5229849456254699,0.045969891250939865,0.06903040409088135,0.2362799048423767,0.01361234299838543,2055,4110
destructive_wind,tcwv,72,0.5338470780066825,0.5338470780066825,0.06769415601336504,0.09659095853567123,46.29999923706055,44.599998474121094,2055,4099
destructive_wind,tcwv_anom_7d,72,0.5151064677219356,0.5151064677219356,0.03021293544387116,0.02516033872961998,0.18690399825572968,-0.04345167428255081,2055,4099
destructive_wind,blh,72,0.510408627349024,0.510408627349024,0.02081725469804807,0.03333333507180214,625.0,615.0,2055,4099
destructive_wind,blh_delta_24h,72,0.51264791305695,0.51264791305695,0.025295826113900022,0.021276595070958138,10.0,5.0,2055,4099
destructive_wind,snow_accum_14d,72,0.4989271316177385,0.5010728683822615,-0.0021457367645230097,,0.0,0.0,2055,4110
destructive_wind,snowmelt_proxy,72,0.5001239040735018,0.5001239040735018,0.0002478081470036475,,0.0,0.0,2055,4110
destructive_wind,rain_on_sat_6h,72,0.515181176191324,0.515181176191324,0.03036235238264795,0.046121593564748764,0.10000000149011612,0.0584905669093132,2055,4100
destructive_wind,rain_on_sat_24h,72,0.5196743813423536,0.5196743813423536,0.039348762684707106,0.04081633687019348,1.2000000476837158,1.0,2055,4100
destructive_wind,rain_on_sat_72h,72,0.5187881431369058,0.5187881431369058,0.0375762862738116,0.03659665212035179,5.5818867683410645,5.0,2055,4100
tornado,precip_1h,6,0.6366718561214721,0.6366718561214721,0.2733437122429443,,0.0,0.0,1587,3174
tornado,precip_sum_3h,6,0.6705567725164567,0.6705567725164567,0.34111354503291347,0.5,0.10000000149011612,0.0,1587,3174
tornado,precip_sum_6h,6,0.6932712584011,0.6932712584011,0.3865425168022001,0.5714285969734192,0.4000000059604645,0.0,1587,3174
tornado,precip_sum_12h,6,0.6970009557014321,0.6970009557014321,0.3940019114028641,0.4736841917037964,0.9000000357627869,0.0,1587,3174
tornado,precip_sum_24h,6,0.6708556525550818,0.6708556525550818,0.3417113051101637,0.4285714626312256,2.1000001430511475,0.0,1587,3174
tornado,precip_sum_48h,6,0.6433049878720813,0.6433049878720813,0.2866099757441627,0.38725489377975464,5.099999904632568,1.149999976158142,1587,3174
tornado,precip_sum_72h,6,0.6116050423871651,0.6116050423871651,0.22321008477433013,0.2600000202655792,7.400000095367432,3.5,1587,3174
tornado,api_96h,6,0.5625644959498827,0.5625644959498827,0.12512899189976534,0.19968998432159424,17.84892463684082,13.893550872802734,1587,3174
tornado,wet_spell_h,6,0.6315820610830992,0.6315820610830992,0.26316412216619844,,0.0,0.0,1587,3174
tornado,wet_frac_72h,6,0.5923225649168238,0.5923225649168238,0.18464512983364756,0.2666666507720947,0.1527777761220932,0.0972222238779068,1587,3174
tornado,sm_0_7,6,0.5569954832795363,0.5569954832795363,0.11399096655907259,0.15172423422336578,0.37700000405311584,0.35499998927116394,1587,3166
tornado,sm_delta_7d,6,0.5810425316880959,0.5810425316880959,0.16208506337619188,0.21917825937271118,0.01199999451637268,-0.0040000081062316895,1587,3166
tornado,sm_pct,6,0.636683735228708,0.636683735228708,0.27336747045741605,0.37442922592163086,0.6737160086631775,0.42598187923431396,1587,3166
tornado,sm_sat_ratio,6,0.5840170878279631,0.5840170878279631,0.16803417565592627,0.1472395360469818,0.8625498414039612,0.8352535963058472,1583,3158
tornado,sm_7_28,6,0.5211405565035878,0.5211405565035878,0.04228111300717563,0.033112749457359314,0.3580000102519989,0.3529999852180481,1587,3166
tornado,sm2_delta_7d,6,0.5416729857763309,0.5416729857763309,0.08334597155266188,0.08163312822580338,-0.0009999871253967285,-0.005000010132789612,1587,3166
tornado,mslp_hpa,6,0.1243166258299852,0.8756833741700147,-0.7513667483400296,-0.8952404260635376,1007.0,1016.4000244140625,1587,3174
tornado,mslp_tend_3h,6,0.2788915054540892,0.7211084945459107,-0.4422169890918216,-0.5714285373687744,-1.2999999523162842,-0.10000000149011612,1587,3174
tornado,mslp_tend_6h,6,0.24609986861586877,0.7539001313841313,-0.5078002627682625,-0.6571428179740906,-2.0,0.30000001192092896,1587,3174
tornado,mslp_tend_24h,6,0.22954254975742178,0.7704574502425783,-0.5409149004851564,-0.701298713684082,-5.5,-0.10000000149011612,1587,3174
tornado,gust,6,0.7754644601755997,0.7754644601755997,0.5509289203511993,0.7666667103767395,12.300000190734863,7.699999809265137,1587,3174
tornado,gust_delta_6h,6,0.5876541401089269,0.5876541401089269,0.17530828021785383,0.26829254627227783,2.5,1.4000005722045898,1587,3174
tornado,gust_max_24h,6,0.7431353875950987,0.7431353875950987,0.48627077519019735,0.6363636255264282,14.399999618530273,10.899999618530273,1587,3174
tornado,wspd_10m,6,0.7550935670215905,0.7550935670215905,0.510187134043181,0.6998115181922913,5.5362443923950195,3.339909315109253,1587,3174
tornado,wspd_delta_6h,6,0.6266595237216054,0.6266595237216054,0.25331904744321077,0.3903077244758606,0.9348092079162598,0.1813671588897705,1587,3174
tornado,gust_factor,6,0.4602062718948736,0.5397937281051264,-0.07958745621025276,-0.11092939227819443,2.1857030391693115,2.2728095054626465,1587,3174
tornado,dir_veer_6h,6,0.4639407106600769,0.5360592893399231,-0.07211857867984617,-0.10854770988225937,16.567806243896484,19.602718353271484,1544,2948
tornado,dewpoint_dep,6,0.308162293746965,0.691837706253035,-0.38367541250606996,-0.4932432174682617,3.5,7.149999618530273,1587,3174
tornado,theta_e,6,0.7743581772030069,0.7743581772030069,0.5487163544060139,0.638276994228363,324.9652099609375,308.427490234375,1587,3174
tornado,theta_e_delta_24h,6,0.7399627526583548,0.7399627526583548,0.4799255053167095,0.6269669532775879,8.029607772827148,1.3535926342010498,1587,3174
tornado,tcwv,6,0.7898771365928612,0.7898771365928612,0.5797542731857224,0.7039106488227844,30.700000762939453,18.100000381469727,1587,3170
tornado,tcwv_anom_7d,6,0.8112667195410661,0.8112667195410661,0.6225334390821322,0.7896029353141785,9.705953598022461,-0.447023868560791,1587,3170
tornado,blh,6,0.5696138181080904,0.5696138181080904,0.13922763621618084,0.1944444477558136,870.0,730.0,1587,3170
tornado,blh_delta_24h,6,0.5699714160201479,0.5699714160201479,0.13994283204029578,0.23000000417232513,115.0,0.0,1587,3170
tornado,snow_accum_14d,6,0.4701403852743363,0.5298596147256637,-0.05971922945132735,,0.0,0.0,1587,3174
tornado,snowmelt_proxy,6,0.48849416077145397,0.5115058392285461,-0.023011678457092066,,0.0,0.0,1587,3174
tornado,rain_on_sat_6h,6,0.6931414473487802,0.6931414473487802,0.3862828946975605,0.44563281536102295,0.1510574072599411,0.0,1587,3166
tornado,rain_on_sat_24h,6,0.6735285231673487,0.6735285231673487,0.34705704633469736,0.30091696977615356,1.1302114725112915,0.0,1587,3166
tornado,rain_on_sat_72h,6,0.6289652661927434,0.6289652661927434,0.2579305323854868,0.32831403613090515,4.987915515899658,1.1179758310317993,1587,3166
tornado,precip_1h,12,0.5837801148191691,0.5837801148191691,0.16756022963833828,,0.0,0.0,1587,3174
tornado,precip_sum_3h,12,0.605091224421487,0.605091224421487,0.210182448842974,0.0,0.0,0.0,1587,3174
tornado,precip_sum_6h,12,0.6113314743411834,0.6113314743411834,0.2226629486823668,0.0,0.0,0.0,1587,3174
tornado,precip_sum_12h,12,0.6149976435031163,0.6149976435031163,0.2299952870062325,0.1538461595773697,0.20000000298023224,0.0,1587,3174
tornado,precip_sum_24h,12,0.6001116109981501,0.6001116109981501,0.20022322199630027,0.23076921701431274,0.8999999761581421,0.0,1587,3174
tornado,precip_sum_48h,12,0.5972204851246878,0.5972204851246878,0.19444097024937568,0.2526315748691559,3.5,1.100000023841858,1587,3174
tornado,precip_sum_72h,12,0.5702380994922116,0.5702380994922116,0.1404761989844232,0.201388880610466,6.400000095367432,3.5,1587,3174
tornado,api_96h,12,0.5382792768433186,0.5382792768433186,0.07655855368663711,0.12458399683237076,16.201374053955078,13.750507354736328,1587,3174
tornado,wet_spell_h,12,0.5785999907090098,0.5785999907090098,0.1571999814180196,,0.0,0.0,1587,3174
tornado,wet_frac_72h,12,0.5492314286406289,0.5492314286406289,0.09846285728125781,0.1428571343421936,0.125,0.0972222238779068,1587,3174
tornado,sm_0_7,12,0.5335083975494194,0.5335083975494194,0.06701679509883873,0.07241389900445938,0.36500000953674316,0.3544999957084656,1587,3166
tornado,sm_delta_7d,12,0.5463732092041266,0.5463732092041266,0.09274641840825315,0.12499958276748657,0.004999995231628418,-0.003999978303909302,1587,3166
tornado,sm_pct,12,0.5833096491112844,0.5833096491112844,0.1666192982225687,0.2427184283733368,0.5969230532646179,0.4430769085884094,1587,3166
tornado,sm_sat_ratio,12,0.5412142031567994,0.5412142031567994,0.08242840631359871,0.04825320094823837,0.8443935513496399,0.8357927799224854,1583,3158
tornado,sm_7_28,12,0.5115943223147964,0.5115943223147964,0.023188644629592803,0.00675687100738287,0.3540000021457672,0.3529999852180481,1587,3166
tornado,sm2_delta_7d,12,0.5226678902851302,0.5226678902851302,0.04533578057026033,0.04081686958670616,-0.0029999911785125732,-0.005000017583370209,1587,3166
tornado,mslp_hpa,12,0.18882736585735788,0.8111726341426422,-0.6223452682852842,-0.7809034585952759,1009.2000122070312,1016.1500244140625,1587,3174
tornado,mslp_tend_3h,12,0.31514483025876994,0.6848551697412301,-0.3697103394824601,-0.47058823704719543,-0.6000000238418579,0.20000000298023224,1587,3174
tornado,mslp_tend_6h,12,0.28726302515436347,0.7127369748456365,-0.42547394969127306,-0.6071428060531616,-1.2999999523162842,0.4000000059604645,1587,3174
tornado,mslp_tend_24h,12,0.2896060223086999,0.7103939776913001,-0.42078795538260017,-0.529411792755127,-3.9000000953674316,-0.30000001192092896,1587,3174
tornado,gust,12,0.7313082349540553,0.7313082349540553,0.46261646990811056,0.6363636255264282,9.699999809265137,6.199999809265137,1587,3174
tornado,gust_delta_6h,12,0.6208638715079873,0.6208638715079873,0.24172774301597455,0.36363622546195984,1.3999996185302734,0.20000004768371582,1587,3174
tornado,gust_max_24h,12,0.6606373500189989,0.6606373500189989,0.32127470003799785,0.41176483035087585,12.600000381469727,10.5,1587,3174
tornado,wspd_10m,12,0.6981719579650191,0.6981719579650191,0.39634391593003815,0.5803663730621338,4.501111030578613,3.041381359100342,1587,3174
tornado,wspd_delta_6h,12,0.5741922297939822,0.5741922297939822,0.14838445958796442,0.22656835615634918,0.35860109329223633,0.0033077001571655273,1587,3174
tornado,gust_factor,12,0.5824875157281774,0.5824875157281774,0.16497503145635473,0.22418713569641113,2.0805153846740723,1.938295602798462,1587,3174
tornado,dir_veer_6h,12,0.4561126173312923,0.5438873826687076,-0.08777476533741535,-0.07611723989248276,18.671707153320312,21.030517578125,1537,3016
tornado,dewpoint_dep,12,0.3827496884143337,0.6172503115856662,-0.23450062317133258,-0.27160507440567017,2.34999942779541,3.4499998092651367,1587,3174
tornado,theta_e,12,0.7433763974701507,0.7433763974701507,0.48675279494030144,0.6210789084434509,319.2398681640625,303.5751953125,1587,3174
tornado,theta_e_delta_24h,12,0.6961866043773269,0.6961866043773269,0.39237320875465387,0.48453477025032043,6.503380298614502,1.3079583644866943,1587,3174
tornado,tcwv,12,0.7434525193856233,0.7434525193856233,0.4869050387712466,0.6214689612388611,29.100000381469727,18.100000381469727,1587,3170
tornado,tcwv_anom_7d,12,0.7580687128661702,0.7580687128661702,0.5161374257323403,0.6919829249382019,8.10476303100586,-0.47499990463256836,1587,3170
tornado,blh,12,0.6411847840995152,0.6411847840995152,0.28236956819903036,0.40366971492767334,550.0,330.0,1587,3170
tornado,blh_delta_24h,12,0.6080057008938954,0.6080057008938954,0.21601140178779077,0.3218390941619873,145.0,5.0,1587,3170
tornado,snow_accum_14d,12,0.47122433413577314,0.5287756658642269,-0.057551331728453725,,0.0,0.0,1587,3174
tornado,snowmelt_proxy,12,0.4940860266286133,0.5059139733713867,-0.011827946742773432,,0.0,0.0,1587,3174
tornado,rain_on_sat_6h,12,0.6104986384557728,0.6104986384557728,0.22099727691154558,0.0,0.0,0.0,1587,3166
tornado,rain_on_sat_24h,12,0.6011519289107129,0.6011519289107129,0.2023038578214258,0.12688924372196198,0.3461538553237915,0.0,1587,3166
tornado,rain_on_sat_72h,12,0.5803642474129466,0.5803642474129466,0.16072849482589313,0.21087029576301575,3.4461538791656494,1.1529231071472168,1587,3166
tornado,precip_1h,24,0.5097696350586385,0.5097696350586385,0.019539270117276963,,0.0,0.0,1587,3174
tornado,precip_sum_3h,24,0.5099828513731408,0.5099828513731408,0.01996570274628162,,0.0,0.0,1587,3174
tornado,precip_sum_6h,24,0.5181889993881447,0.5181889993881447,0.03637799877628933,0.0,0.0,0.0,1587,3174
tornado,precip_sum_12h,24,0.52811139976709,0.52811139976709,0.05622279953417997,0.0,0.0,0.0,1587,3174
tornado,precip_sum_24h,24,0.5524910177168066,0.5524910177168066,0.10498203543361329,0.13793103396892548,0.4000000059604645,0.0,1587,3174
tornado,precip_sum_48h,24,0.5508569548819191,0.5508569548819191,0.1017139097638382,0.12790696322917938,2.0999999046325684,1.0,1587,3174
tornado,precip_sum_72h,24,0.5266763586782812,0.5266763586782812,0.05335271735656244,0.0875912457704544,4.900000095367432,3.700000047683716,1587,3174
tornado,api_96h,24,0.5134454327040474,0.5134454327040474,0.02689086540809482,0.06276758760213852,14.909624099731445,13.681679725646973,1587,3174
tornado,wet_spell_h,24,0.5071142581362671,0.5071142581362671,0.014228516272534186,,0.0,0.0,1587,3174
tornado,wet_frac_72h,24,0.5076451151427656,0.5076451151427656,0.015290230285531115,0.0714285671710968,0.1111111119389534,0.0972222238779068,1587,3174
tornado,sm_0_7,24,0.5060707238734172,0.5060707238734172,0.012141447746834455,0.003424613503739238,0.3529999852180481,0.35249999165534973,1587,3166
tornado,sm_delta_7d,24,0.5155213255521708,0.5155213255521708,0.031042651104341568,0.028985563665628433,-0.0020000040531158447,-0.0040000081062316895,1587,3166
tornado,sm_pct,24,0.525454567890325,0.525454567890325,0.05090913578064993,0.09047616273164749,0.4664536714553833,0.4057508111000061,1587,3166
tornado,sm_sat_ratio,24,0.49496360755125807,0.505036392448742,-0.010072784897483866,-0.03481745719909668,0.8246154189109802,0.8307925462722778,1583,3158
tornado,sm_7_28,24,0.5034340131700197,0.5034340131700197,0.006868026340039357,-0.026845688000321388,0.3479999899864197,0.35199999809265137,1587,3166
tornado,sm2_delta_7d,24,0.5009993149488042,0.5009993149488042,0.0019986298976084615,-0.010416841134428978,-0.006000012159347534,-0.005500003695487976,1587,3166
tornado,mslp_hpa,24,0.30094152671616303,0.699058473283837,-0.39811694656767393,-0.5116251111030579,1010.9000244140625,1015.2999877929688,1587,3174
tornado,mslp_tend_3h,24,0.4281220804353583,0.5718779195646417,-0.14375583912928336,-0.15000000596046448,-0.800000011920929,-0.5,1587,3174
tornado,mslp_tend_6h,24,0.4089923682853239,0.5910076317146761,-0.18201526342935215,-0.22580642998218536,-1.899999976158142,-1.2000000476837158,1587,3174
tornado,mslp_tend_24h,24,0.39674354762565567,0.6032564523743443,-0.20651290474868866,-0.3015872836112976,-2.299999952316284,-0.4000000059604645,1587,3174
tornado,gust,24,0.591285269532024,0.591285269532024,0.18257053906404797,0.2352941781282425,8.600000381469727,7.400000095367432,1587,3174
tornado,gust_delta_6h,24,0.5244513848935646,0.5244513848935646,0.04890276978712915,0.07317053526639938,-0.10000038146972656,-0.39999961853027344,1587,3174
tornado,gust_max_24h,24,0.6023630879281052,0.6023630879281052,0.20472617585621045,0.26530617475509644,12.0,10.699999809265137,1587,3174
tornado,wspd_10m,24,0.5855118521668455,0.5855118521668455,0.17102370433369107,0.26249656081199646,3.8288381099700928,3.2062439918518066,1587,3174
tornado,wspd_delta_6h,24,0.5411888655820031,0.5411888655820031,0.08237773116400615,0.11364080756902695,0.1745743751525879,-0.0408167839050293,1587,3174
tornado,gust_factor,24,0.5014979736509105,0.5014979736509105,0.002995947301821067,-0.0405927374958992,2.1351325511932373,2.1668667793273926,1587,3174
tornado,dir_veer_6h,24,0.48915128164530747,0.5108487183546926,-0.021697436709385065,-0.02442200668156147,18.507526397705078,19.226898193359375,1474,2948
tornado,dewpoint_dep,24,0.4371080363492126,0.5628919636507874,-0.12578392730157484,-0.19496873021125793,6.19999885559082,7.75,1587,3174
tornado,theta_e,24,0.6563468183718612,0.6563468183718612,0.3126936367437223,0.3597656190395355,318.0745544433594,309.6015625,1587,3174
tornado,theta_e_delta_24h,24,0.6161653700970671,0.6161653700970671,0.23233074019413413,0.28926822543144226,4.568850040435791,1.6675209999084473,1587,3174
tornado,tcwv,24,0.6434603710351654,0.6434603710351654,0.2869207420703308,0.3841462731361389,24.899999618530273,18.600000381469727,1587,3170
tornado,tcwv_anom_7d,24,0.6369867356816723,0.6369867356816723,0.2739734713633446,0.3605366051197052,4.008928298950195,-0.0065482258796691895,1587,3170
tornado,blh,24,0.512586790543831,0.512586790543831,0.0251735810876621,0.07471264153718948,740.0,675.0,1587,3170
tornado,blh_delta_24h,24,0.4946158555614526,0.5053841444385474,-0.0107682888770948,-0.018691588193178177,-5.0,5.0,1587,3170
tornado,snow_accum_14d,24,0.4729150759816388,0.5270849240183613,-0.05416984803672242,,0.0,0.0,1587,3174
tornado,snowmelt_proxy,24,0.4882114605555774,0.5117885394444226,-0.023577078888845193,,0.0,0.0,1587,3174
tornado,rain_on_sat_6h,24,0.5178512360178503,0.5178512360178503,0.03570247203570065,0.0,0.0,0.0,1587,3166
tornado,rain_on_sat_24h,24,0.551686834080282,0.551686834080282,0.10337366816056393,0.04665049538016319,0.07987220585346222,0.0,1587,3166
tornado,rain_on_sat_72h,24,0.5298086832328843,0.5298086832328843,0.05961736646576865,0.06479217857122421,1.7444089651107788,1.1178913116455078,1587,3166
tornado,precip_1h,48,0.5153594163987566,0.5153594163987566,0.030718832797513196,,0.0,0.0,1587,3174
tornado,precip_sum_3h,48,0.5234974701904137,0.5234974701904137,0.04699494038082741,,0.0,0.0,1587,3174
tornado,precip_sum_6h,48,0.5296543394284612,0.5296543394284612,0.05930867885692237,0.0,0.0,0.0,1587,3174
tornado,precip_sum_12h,48,0.5270055138453622,0.5270055138453622,0.05401102769072441,0.0,0.0,0.0,1587,3174
tornado,precip_sum_24h,48,0.5257976851140469,0.5257976851140469,0.051595370228093795,0.0357142873108387,0.10000000149011612,0.0,1587,3174
tornado,precip_sum_48h,48,0.5039221677071385,0.5039221677071385,0.007844335414276982,0.0,1.2999999523162842,1.2999999523162842,1587,3174
tornado,precip_sum_72h,48,0.5017383879496651,0.5017383879496651,0.0034767758993301534,0.0150375971570611,3.9000000953674316,3.700000047683716,1587,3174
tornado,api_96h,48,0.5058471695633513,0.5058471695633513,0.011694339126702591,0.020761290565133095,13.894562721252441,13.488273620605469,1587,3174
tornado,wet_spell_h,48,0.512347289274187,0.512347289274187,0.02469457854837409,,0.0,0.0,1587,3174
tornado,wet_frac_72h,48,0.4783690659259286,0.5216309340740715,-0.04326186814814281,-0.06666666269302368,0.0833333358168602,0.0972222238779068,1587,3174
tornado,sm_0_7,48,0.5033376840652156,0.5033376840652156,0.006675368130431236,-0.020134370774030685,0.3529999852180481,0.35600000619888306,1587,3166
tornado,sm_delta_7d,48,0.5057954694272518,0.5057954694272518,0.011590938854503685,0.0,-0.0040000081062316895,-0.0040000081062316895,1587,3166
tornado,sm_pct,48,0.5154286784482734,0.5154286784482734,0.030857356896546895,0.04947914928197861,0.43598616123199463,0.4031141996383667,1587,3166
tornado,sm_sat_ratio,48,0.4940686489645965,0.5059313510354035,-0.011862702070806974,-0.04567015916109085,0.8283752202987671,0.8364633321762085,1583,3158
tornado,sm_7_28,48,0.5020395299617351,0.5020395299617351,0.00407905992347013,-0.026489919051527977,0.3490000069141388,0.3529999852180481,1587,3166
tornado,sm2_delta_7d,48,0.4984396277238348,0.5015603722761652,-0.0031207445523303567,-0.010204261168837547,-0.006000012159347534,-0.005500003695487976,1587,3166
tornado,mslp_hpa,48,0.38759073108578723,0.6124092689142128,-0.22481853782842554,-0.32500457763671875,1012.7999877929688,1015.4000244140625,1587,3174
tornado,mslp_tend_3h,48,0.4616254309490826,0.5383745690509174,-0.07674913810183481,-0.095238097012043,-0.699999988079071,-0.5,1587,3174
tornado,mslp_tend_6h,48,0.4436573903673078,0.5563426096326922,-0.11268521926538444,-0.12121210992336273,-1.600000023841858,-1.2000000476837158,1587,3174
tornado,mslp_tend_24h,48,0.408903428891565,0.591096571108435,-0.18219314221687,-0.26056337356567383,-2.0999999046325684,-0.25,1587,3174
tornado,gust,48,0.5503503179781852,0.5503503179781852,0.10070063595637047,0.13999995589256287,8.0,7.300000190734863,1587,3174
tornado,gust_delta_6h,48,0.49440734004111064,0.5055926599588894,-0.011185319917778713,-0.023809393867850304,-0.5,-0.40000057220458984,1587,3174
tornado,gust_max_24h,48,0.5631025991346673,0.5631025991346673,0.12620519826933463,0.20000000298023224,11.699999809265137,10.699999809265137,1587,3174
tornado,wspd_10m,48,0.5453617709103861,0.5453617709103861,0.09072354182077214,0.1320352852344513,3.5383613109588623,3.2171401977539062,1587,3174
tornado,wspd_delta_6h,48,0.4997390383189819,0.5002609616810181,-0.0005219233620361585,0.0068720062263309956,-0.12752366065979004,-0.13981783390045166,1587,3174
tornado,gust_factor,48,0.5050413548328436,0.5050413548328436,0.01008270966568725,-0.008711118251085281,2.1582741737365723,2.1653475761413574,1587,3174
tornado,dir_veer_6h,48,0.4924481659831673,0.5075518340168327,-0.015103668033665363,-0.011774514801800251,19.175800323486328,19.536888122558594,1489,2914
tornado,dewpoint_dep,48,0.4698568909567298,0.5301431090432702,-0.060286218086540444,-0.07185639441013336,7.149999618530273,7.750000476837158,1587,3174
tornado,theta_e,48,0.5905266045917344,0.5905266045917344,0.1810532091834689,0.21933065354824066,314.5906677246094,309.2164306640625,1587,3174
tornado,theta_e_delta_24h,48,0.581082551242392,0.581082551242392,0.1621651024847841,0.1738778054714203,2.9522430896759033,1.1735012531280518,1587,3174
tornado,tcwv,48,0.5669735767145916,0.5669735767145916,0.13394715342918317,0.1913580447435379,21.5,18.399999618530273,1587,3170
tornado,tcwv_anom_7d,48,0.5520609089228531,0.5520609089228531,0.10412181784570618,0.15214188396930695,1.6642853021621704,0.0005955235101282597,1587,3170
tornado,blh,48,0.5095850751074881,0.5095850751074881,0.019170150214976145,-0.01621621660888195,675.0,690.0,1587,3170
tornado,blh_delta_24h,48,0.5274544355856635,0.5274544355856635,0.054908871171327034,0.0416666679084301,15.0,-7.5,1587,3170
tornado,snow_accum_14d,48,0.47569304235857746,0.5243069576414225,-0.04861391528284509,,0.0,0.0,1587,3174
tornado,snowmelt_proxy,48,0.48912745690112125,0.5108725430988788,-0.0217450861977575,,0.0,0.0,1587,3174
tornado,rain_on_sat_6h,48,0.529025014120971,0.529025014120971,0.05805002824194205,0.0,0.0,0.0,1587,3166
tornado,rain_on_sat_24h,48,0.5268089471427873,0.5268089471427873,0.05361789428557451,0.017701320350170135,0.02456747367978096,0.0,1587,3166
tornado,rain_on_sat_72h,48,0.5048723818485714,0.5048723818485714,0.009744763697142833,0.008326319977641106,1.1778546571731567,1.099134922027588,1587,3166
tornado,precip_1h,72,0.4865841475853947,0.5134158524146053,-0.0268317048292106,,0.0,0.0,1587,3174
tornado,precip_sum_3h,72,0.480427973186361,0.519572026813639,-0.03914405362727802,,0.0,0.0,1587,3174
tornado,precip_sum_6h,72,0.48038767252356396,0.519612327476436,-0.039224654952872084,0.0,0.0,0.0,1587,3174
tornado,precip_sum_12h,72,0.4815041795559304,0.5184958204440696,-0.03699164088813922,0.0,0.0,0.0,1587,3174
tornado,precip_sum_24h,72,0.47231284908215737,0.5276871509178427,-0.05537430183568526,-0.018518518656492233,0.0,0.05000000074505806,1587,3174
tornado,precip_sum_48h,72,0.47222242074765475,0.5277775792523453,-0.055555158504690505,-0.03703704848885536,0.8999999761581421,1.2000000476837158,1587,3174
tornado,precip_sum_72h,72,0.47880602040285575,0.5211939795971443,-0.042387959194288505,-0.045801520347595215,2.9000000953674316,3.5,1587,3174
tornado,api_96h,72,0.4927022051013889,0.507297794898611,-0.014595589797222197,-0.02303536981344223,12.808154106140137,13.26251220703125,1587,3174
tornado,wet_spell_h,72,0.4853640102772646,0.5146359897227354,-0.029271979445470775,,0.0,0.0,1587,3174
tornado,wet_frac_72h,72,0.46280675653515946,0.5371932434648405,-0.07438648692968108,-0.0714285746216774,0.0833333358168602,0.0972222238779068,1587,3174
tornado,sm_0_7,72,0.4928145254736745,0.5071854745263256,-0.014370949052651016,-0.0394737608730793,0.3499999940395355,0.35600000619888306,1587,3166
tornado,sm_delta_7d,72,0.47749730218798425,0.5225026978120157,-0.0450053956240315,-0.07246415317058563,-0.009000003337860107,-0.003999978303909302,1587,3166
tornado,sm_pct,72,0.48699109274223884,0.5130089072577612,-0.02601781451552232,-0.03672315180301666,0.37735849618911743,0.40188679099082947,1587,3166
tornado,sm_sat_ratio,72,0.4696661248373212,0.5303338751626788,-0.06066775032535765,-0.06732364743947983,0.8307693004608154,0.8421052694320679,1583,3158
tornado,sm_7_28,72,0.4977275088457584,0.5022724911542416,-0.004544982308483214,-0.05333324149250984,0.34700000286102295,0.35499998927116394,1587,3166
tornado,sm2_delta_7d,72,0.4889959919927427,0.5110040080072573,-0.02200801601451463,-0.041666459292173386,-0.007999986410140991,-0.00599999725818634,1587,3166
tornado,mslp_hpa,72,0.47370322194865416,0.5262967780513459,-0.052593556102691674,-0.06172811612486839,1014.7999877929688,1015.2999877929688,1587,3174
tornado,mslp_tend_3h,72,0.4786771773971648,0.5213228226028352,-0.04264564520567038,-0.04545455425977707,-0.6000000238418579,-0.5,1587,3174
tornado,mslp_tend_6h,72,0.47342856201279376,0.5265714379872062,-0.05314287597441247,-0.05882350727915764,-1.399999976158142,-1.2000000476837158,1587,3174
tornado,mslp_tend_24h,72,0.47809539861723066,0.5219046013827693,-0.04380920276553868,-0.07575757801532745,-0.699999988079071,-0.20000000298023224,1587,3174
tornado,gust,72,0.511566091697309,0.511566091697309,0.02313218339461809,0.019607825204730034,7.5,7.400000095367432,1587,3174
tornado,gust_delta_6h,72,0.4990914483581748,0.5009085516418252,-0.0018171032836503676,0.0,-0.5,-0.5,1587,3174
tornado,gust_max_24h,72,0.5369886630066518,0.5369886630066518,0.07397732601330365,0.08333325386047363,11.199999809265137,10.800000190734863,1587,3174
tornado,wspd_10m,72,0.5003289566416484,0.5003289566416484,0.0006579132832968959,0.00693703256547451,3.3286633491516113,3.3120992183685303,1587,3174
tornado,wspd_delta_6h,72,0.49005298246742496,0.5099470175325751,-0.019894035065150084,-0.023241380229592323,-0.16646671295166016,-0.12391519546508789,1587,3174
tornado,gust_factor,72,0.5173127081291002,0.5173127081291002,0.03462541625820048,0.057809557765722275,2.2090635299682617,2.163060188293457,1587,3174
tornado,dir_veer_6h,72,0.5312868220943399,0.5312868220943399,0.06257364418867972,0.08272455632686615,20.92449951171875,18.423633575439453,1489,2945
tornado,dewpoint_dep,72,0.5119594698418031,0.5119594698418031,0.023918939683606144,0.04216849058866501,8.149999618530273,7.80000114440918,1587,3174
tornado,theta_e,72,0.5465830993711112,0.5465830993711112,0.09316619874222232,0.11589528620243073,312.13055419921875,309.3431396484375,1587,3174
tornado,theta_e_delta_24h,72,0.512838044143321,0.512838044143321,0.02567608828664203,0.011995523236691952,1.3248895406723022,1.197808027267456,1587,3174
tornado,tcwv,72,0.5155766788118764,0.5155766788118764,0.03115335762375282,0.031446538865566254,18.799999237060547,18.299999237060547,1587,3170
tornado,tcwv_anom_7d,72,0.48888663609492744,0.5111133639050726,-0.02222672781014512,-0.03756113350391388,-0.11785730719566345,0.28512001037597656,1587,3170
tornado,blh,72,0.4830219508268085,0.5169780491731915,-0.033956098346383023,-0.04210526496171951,660.0,700.0,1587,3170
tornado,blh_delta_24h,72,0.4825106991148507,0.5174893008851493,-0.034978601770298545,-0.028301887214183807,-5.0,10.0,1587,3170
tornado,snow_accum_14d,72,0.477740435143925,0.522259564856075,-0.044519129712149996,,0.0,0.0,1587,3174
tornado,snowmelt_proxy,72,0.48791476429670977,0.5120852357032902,-0.024170471406580463,,0.0,0.0,1587,3174
tornado,rain_on_sat_6h,72,0.4811215852426996,0.5188784147573005,-0.0377568295146008,0.0,0.0,0.0,1587,3166
tornado,rain_on_sat_24h,72,0.47157614716221224,0.5284238528377878,-0.05684770567557551,-0.0002597402490209788,0.0,0.00037735849036835134,1587,3166
tornado,rain_on_sat_72h,72,0.48013918759535884,0.5198608124046411,-0.03972162480928232,-0.04482049494981766,0.7384905815124512,1.1252830028533936,1587,3166
